PatientID,FirstName,LastName,DateOfBirth,Gender,City,InsuranceType,RegistrationDate
1,Patient1,Surname1,2007-05-14,Male,London,Self-Pay,2023-10-09
2,Patient2,Surname2,1971-12-21,Female,Reading,Self-Pay,2023-04-15
3,Patient3,Surname3,2010-09-17,male,Bristol,Private,2024-08-27
4,Patient4,Surname4,1987-11-08,Male,London,Private,2023-08-12
5,Patient5,Surname5,1970-11-15,female,Bristol,Private,2024-07-28
6,Patient6,Surname6,1967-11-03,male,Birmingham,Self-Pay,2024-07-12
7,Patient7,Surname7,1987-08-21,Female,Slough,Self-Pay,2023-10-12
8,Patient8,Surname8,1950-08-01,Female,Birmingham,NHS,2023-12-15
9,Patient9,Surname9,1974-12-06,Female,Reading,NHS,2023-04-15
10,Patient10,Surname10,1958-04-28,F,London,NHS,2025-05-17
11,Patient11,Surname11,1980-11-09,female,Oxford,Private,2025-01-17
12,Patient12,Surname12,1991-03-21,female,London,NHS,2023-03-22
13,Patient13,Surname13,1999-07-12,M,Birmingham,Self-Pay,2025-06-01
14,Patient14,Surname14,1982-06-12,female,Reading,Self-Pay,2023-03-13
15,Patient15,Surname15,1954-02-10,male,Reading,NHS,2023-03-23
16,Patient16,Surname16,1970-11-20,Male,Slough,NHS,2024-04-09
17,Patient17,Surname17,2007-01-12,M,Reading,NHS,2023-12-30
18,Patient18,Surname18,1968-10-18,male,Oxford,Self-Pay,2024-11-30
19,Patient19,Surname19,2008-02-20,Male,Bristol,Self-Pay,2023-06-25
20,Patient20,Surname20,1997-12-02,male,Reading,Private,2024-04-18
21,Patient21,Surname21,1984-01-16,,Birmingham,Self-Pay,2024-07-24
22,Patient22,Surname22,1969-09-14,male,Oxford,Private,2023-08-23
23,Patient23,Surname23,1952-11-17,M,Slough,NHS,2023-03-09
24,Patient24,Surname24,1968-12-05,female,Birmingham,NHS,2023-08-06
25,Patient25,Surname25,2008-10-20,F,Slough,Self-Pay,2024-04-14
26,Patient26,Surname26,1962-10-26,M,Reading,Private,2025-02-01
27,Patient27,Surname27,2000-05-12,female,Oxford,Self-Pay,2024-08-21
28,Patient28,Surname28,1988-06-08,female,Slough,NHS,2023-08-13
29,Patient29,Surname29,1962-05-30,female,Slough,Private,2025-02-12
30,Patient30,Surname30,1954-03-24,Male,Reading,Self-Pay,2023-06-13
31,Patient31,Surname31,2011-01-19,F,Bristol,Private,2024-01-30
32,Patient32,Surname32,1984-03-27,female,Slough,Self-Pay,2023-09-15
33,Patient33,Surname33,1999-08-20,Male,Birmingham,Self-Pay,2023-04-28
34,Patient34,Surname34,2011-02-28,female,Oxford,Self-Pay,2023-12-15
35,Patient35,Surname35,1960-01-04,M,Slough,Private,2024-04-09
36,Patient36,Surname36,1950-04-17,male,Birmingham,NHS,2024-05-27
37,Patient37,Surname37,2018-05-11,Female,Bristol,Private,2025-06-10
38,Patient38,Surname38,2006-02-05,M,Birmingham,Self-Pay,2024-09-15
39,Patient39,Surname39,1967-11-05,Female,Oxford,Private,2024-07-06
40,Patient40,Surname40,1997-07-31,Male,Bristol,NHS,2024-05-15
41,Patient41,Surname41,1951-10-01,Male,Oxford,NHS,2023-09-03
42,Patient42,Surname42,1955-03-14,Female,Bristol,Private,2023-03-29
43,Patient43,Surname43,2015-08-31,F,London,Self-Pay,2025-02-23
44,Patient44,Surname44,1961-04-13,Female,Birmingham,NHS,2024-07-16
45,Patient45,Surname45,1964-10-24,M,Bristol,Self-Pay,2024-03-09
46,Patient46,Surname46,1969-01-01,female,Birmingham,Self-Pay,2023-07-25
47,Patient47,Surname47,2013-12-17,M,Slough,Self-Pay,2024-10-27
48,Patient48,Surname48,1983-07-03,F,Bristol,NHS,2023-05-04
49,Patient49,Surname49,1972-03-29,Female,London,NHS,2023-01-22
50,Patient50,Surname50,2002-10-12,female,Reading,Self-Pay,2023-08-14
51,Patient51,Surname51,1950-08-24,Male,Birmingham,Self-Pay,2023-03-02
52,Patient52,Surname52,1970-07-16,Male,London,NHS,2023-03-14
53,Patient53,Surname53,1996-02-16,Female,Oxford,Self-Pay,2024-05-12
54,Patient54,Surname54,1969-03-22,female,Reading,Self-Pay,2024-08-07
55,Patient55,Surname55,2001-09-11,F,Reading,NHS,2025-04-06
56,Patient56,Surname56,1986-07-09,Female,London,Private,2024-11-05
57,Patient57,Surname57,1988-09-02,M,Slough,NHS,2024-04-23
58,Patient58,Surname58,2015-05-30,Male,Birmingham,Self-Pay,2024-10-23
59,Patient59,Surname59,1958-10-30,Male,Slough,Self-Pay,2023-12-14
60,Patient60,Surname60,1959-10-21,Female,Reading,Private,2024-07-03
61,Patient61,Surname61,1990-04-01,Female,Slough,Private,2023-10-13
62,Patient62,Surname62,1991-07-04,Female,London,NHS,2025-04-07
63,Patient63,Surname63,1999-05-17,Male,London,Self-Pay,2024-07-07
64,Patient64,Surname64,1951-04-29,Male,Reading,Private,2024-02-21
65,Patient65,Surname65,1993-07-27,F,Reading,NHS,2023-03-02
66,Patient66,Surname66,1964-10-08,F,London,NHS,2023-09-29
67,Patient67,Surname67,1990-10-27,M,Slough,Self-Pay,2025-01-18
68,Patient68,Surname68,1999-11-11,male,Birmingham,NHS,2023-06-08
69,Patient69,Surname69,1967-01-14,M,Reading,Private,2024-08-16
70,Patient70,Surname70,2016-01-03,female,London,Self-Pay,2023-11-18
71,Patient71,Surname71,1955-02-17,Male,Bristol,NHS,2024-05-29
72,Patient72,Surname72,1997-08-25,Female,London,Self-Pay,2023-03-24
73,Patient73,Surname73,1966-09-03,Male,Bristol,Private,2024-11-22
74,Patient74,Surname74,1971-02-07,F,London,Self-Pay,2023-09-10
75,Patient75,Surname75,2001-12-09,female,London,Self-Pay,2023-03-25
76,Patient76,Surname76,1987-08-12,male,Bristol,Self-Pay,2024-06-19
77,Patient77,Surname77,1978-05-20,M,Reading,Self-Pay,2025-01-03
78,Patient78,Surname78,1978-03-10,Female,Oxford,NHS,2023-05-15
79,Patient79,Surname79,2010-04-05,male,Oxford,NHS,2023-11-20
80,Patient80,Surname80,2017-06-15,Male,London,NHS,2024-09-28
81,Patient81,Surname81,2000-07-05,Male,London,Self-Pay,2023-08-07
82,Patient82,Surname82,1995-05-21,M,Reading,NHS,2023-03-12
83,Patient83,Surname83,1971-12-01,M,Oxford,Private,2024-03-24
84,Patient84,Surname84,1998-09-26,male,Oxford,Self-Pay,2025-04-06
85,Patient85,Surname85,2008-09-02,female,London,Self-Pay,2025-04-16
86,Patient86,Surname86,1999-10-04,M,Birmingham,Private,2025-06-18
87,Patient87,Surname87,1962-01-18,M,London,Private,2025-01-30
88,Patient88,Surname88,1999-08-20,Female,Oxford,NHS,2024-09-11
89,Patient89,Surname89,1968-11-23,male,Oxford,Private,2024-12-04
90,Patient90,Surname90,2006-11-25,M,Bristol,NHS,2023-09-15
91,Patient91,Surname91,1954-07-23,Male,Birmingham,NHS,2025-04-29
92,Patient92,Surname92,1974-10-28,Male,London,NHS,2025-02-28
93,Patient93,Surname93,1961-09-26,male,Oxford,Private,2025-01-29
94,Patient94,Surname94,1989-08-22,female,Birmingham,NHS,2024-07-28
95,Patient95,Surname95,1950-11-13,Male,London,Self-Pay,2023-06-02
96,Patient96,Surname96,1998-12-12,Male,Oxford,Self-Pay,2024-07-19
97,Patient97,Surname97,1963-04-15,F,Reading,Private,2023-11-12
98,Patient98,Surname98,1982-09-18,Male,Oxford,Private,2024-11-29
99,Patient99,Surname99,1972-05-21,male,London,NHS,2025-03-09
100,Patient100,Surname100,2000-03-25,F,Bristol,Self-Pay,2023-06-08
101,Patient101,Surname101,1971-03-29,Female,Reading,NHS,2023-01-26
102,Patient102,Surname102,1966-02-03,male,Oxford,NHS,2025-04-01
103,Patient103,Surname103,2010-02-06,male,Reading,NHS,2023-06-13
104,Patient104,Surname104,2012-11-30,Male,Slough,Private,2025-05-29
105,Patient105,Surname105,1992-03-24,Female,Reading,NHS,2023-12-25
106,Patient106,Surname106,1977-05-19,Female,Reading,Private,2024-11-06
107,Patient107,Surname107,1967-04-30,F,Oxford,NHS,2025-06-04
108,Patient108,Surname108,1956-03-24,M,Oxford,Self-Pay,2024-06-05
109,Patient109,Surname109,1985-11-09,male,Bristol,NHS,2023-01-29
110,Patient110,Surname110,1960-05-07,M,Reading,Self-Pay,2023-09-29
111,Patient111,Surname111,1953-06-07,Male,Bristol,NHS,2023-12-20
112,Patient112,Surname112,2015-05-12,M,Slough,Self-Pay,2024-06-07
113,Patient113,Surname113,1960-05-17,F,Bristol,Private,2023-09-18
114,Patient114,Surname114,1953-12-25,male,Slough,Private,2024-06-16
115,Patient115,Surname115,1998-04-22,male,Birmingham,Self-Pay,2025-01-24
116,Patient116,Surname116,2010-03-02,Female,Oxford,NHS,2023-03-13
117,Patient117,Surname117,2009-08-04,M,Bristol,NHS,2024-11-10
118,Patient118,Surname118,1961-03-07,male,Oxford,Self-Pay,2023-11-13
119,Patient119,Surname119,2009-10-30,F,Oxford,NHS,2024-12-14
120,Patient120,Surname120,1976-07-11,female,Reading,Private,2024-03-06
121,Patient121,Surname121,2009-08-27,F,Birmingham,Self-Pay,2023-06-28
122,Patient122,Surname122,2005-03-22,female,Oxford,NHS,2024-07-15
123,Patient123,Surname123,1950-01-14,M,Oxford,Private,2024-03-16
124,Patient124,Surname124,2002-01-12,female,Birmingham,NHS,2024-04-21
125,Patient125,Surname125,1989-08-20,F,Birmingham,Private,2024-06-07
126,Patient126,Surname126,1992-06-14,male,Reading,Self-Pay,2023-03-28
127,Patient127,Surname127,1975-06-18,female,Birmingham,Self-Pay,2024-09-26
128,Patient128,Surname128,1980-01-27,Male,Reading,Self-Pay,2023-11-14
129,Patient129,Surname129,1970-02-26,Female,Reading,Private,2023-02-17
130,Patient130,Surname130,1971-12-20,F,Bristol,Private,2024-04-11
131,Patient131,Surname131,1987-03-08,male,Bristol,Private,2025-01-05
132,Patient132,Surname132,2012-06-22,F,Slough,NHS,2023-09-07
133,Patient133,Surname133,1963-03-29,male,Birmingham,Private,2025-02-07
134,Patient134,Surname134,1959-07-25,F,Reading,Private,2025-04-03
135,Patient135,Surname135,2012-06-07,female,Slough,Private,2024-07-24
136,Patient136,Surname136,1972-05-10,Male,Slough,Private,2025-03-31
137,Patient137,Surname137,1991-09-08,male,Bristol,Self-Pay,2024-09-01
138,Patient138,Surname138,1978-06-20,F,Bristol,Self-Pay,2024-05-31
139,Patient139,Surname139,1988-04-14,female,Slough,Private,2025-01-31
140,Patient140,Surname140,1992-08-02,F,Oxford,Private,2025-05-10
141,Patient141,Surname141,2007-03-17,M,Bristol,NHS,2024-10-03
142,Patient142,Surname142,1971-06-19,M,Slough,Private,2024-12-31
143,Patient143,Surname143,1975-08-20,Female,Oxford,NHS,2023-11-24
144,Patient144,Surname144,1998-06-17,Male,Reading,Private,2023-08-25
145,Patient145,Surname145,1984-05-13,male,Reading,Self-Pay,2023-08-08
146,Patient146,Surname146,1955-10-06,F,Slough,NHS,2024-07-09
147,Patient147,Surname147,1991-10-20,F,London,Private,2025-05-02
148,Patient148,Surname148,1987-09-11,F,Bristol,Self-Pay,2023-01-21
149,Patient149,Surname149,2001-08-25,F,Slough,Private,2023-12-27
150,Patient150,Surname150,1976-10-15,F,Slough,Self-Pay,2025-02-04
151,Patient151,Surname151,2015-11-28,female,Bristol,Private,2024-05-14
152,Patient152,Surname152,1969-09-08,M,Slough,NHS,2023-01-30
153,Patient153,Surname153,1984-11-20,M,Birmingham,Self-Pay,2025-03-28
154,Patient154,Surname154,1986-04-10,male,Reading,NHS,2023-05-11
155,Patient155,Surname155,2005-10-29,female,London,NHS,2024-08-29
156,Patient156,Surname156,2000-08-19,male,London,Private,2024-10-20
157,Patient157,Surname157,1988-06-14,Female,Slough,Private,2023-02-21
158,Patient158,Surname158,1973-05-04,F,Oxford,Private,2024-04-10
159,Patient159,Surname159,1979-04-29,M,Slough,NHS,2025-02-09
160,Patient160,Surname160,1987-10-27,M,London,NHS,2023-01-20
161,Patient161,Surname161,2017-03-14,female,London,NHS,2023-08-18
162,Patient162,Surname162,2008-04-29,Male,Birmingham,Private,2025-02-11
163,Patient163,Surname163,1952-10-13,Female,Reading,Private,2024-09-28
164,Patient164,Surname164,1963-09-03,Female,Reading,NHS,2024-11-16
165,Patient165,Surname165,1960-04-06,female,Reading,NHS,2024-12-17
166,Patient166,Surname166,1972-12-27,M,Reading,Self-Pay,2024-09-13
167,Patient167,Surname167,2017-02-06,male,London,Private,2023-11-15
168,Patient168,Surname168,1959-09-13,female,London,NHS,2024-08-12
169,Patient169,Surname169,2010-10-08,F,Slough,Self-Pay,2023-07-23
170,Patient170,Surname170,1956-10-26,female,Birmingham,Self-Pay,2023-09-06
171,Patient171,Surname171,1959-02-22,male,Oxford,Self-Pay,2024-09-06
172,Patient172,Surname172,1960-11-10,female,London,NHS,2024-06-29
173,Patient173,Surname173,1988-06-07,male,Oxford,Private,2024-06-02
174,Patient174,Surname174,2008-02-04,M,London,NHS,2025-04-22
175,Patient175,Surname175,1993-12-23,Male,Slough,NHS,2024-10-12
176,Patient176,Surname176,1991-03-31,male,Reading,NHS,2023-06-30
177,Patient177,Surname177,2015-11-01,female,Birmingham,NHS,2024-09-22
178,Patient178,Surname178,1998-04-13,F,Slough,NHS,2025-04-25
179,Patient179,Surname179,2015-08-02,female,Oxford,NHS,2025-05-22
180,Patient180,Surname180,1972-01-10,Male,Oxford,NHS,2023-09-07
181,Patient181,Surname181,2017-04-30,F,Bristol,Self-Pay,2024-11-15
182,Patient182,Surname182,1984-01-01,M,London,NHS,2025-05-21
183,Patient183,Surname183,1979-02-28,Female,Slough,Private,2023-12-30
184,Patient184,Surname184,1973-03-06,M,Oxford,Self-Pay,2024-12-19
185,Patient185,Surname185,1974-10-14,female,London,Self-Pay,2023-07-15
186,Patient186,Surname186,1957-09-06,Female,Birmingham,NHS,2024-05-15
187,Patient187,Surname187,1999-10-23,Female,Birmingham,NHS,2024-10-23
188,Patient188,Surname188,2013-11-11,F,Slough,Private,2023-04-06
189,Patient189,Surname189,1976-05-25,Female,Slough,Self-Pay,2023-09-07
190,Patient190,Surname190,1977-06-21,male,Bristol,NHS,2024-04-29
191,Patient191,Surname191,1999-08-28,female,Oxford,NHS,2025-02-02
192,Patient192,Surname192,1999-05-19,M,Oxford,Self-Pay,2024-04-09
193,Patient193,Surname193,1974-04-22,M,Oxford,Private,2023-05-04
194,Patient194,Surname194,2014-09-17,Female,Oxford,Private,2025-01-30
195,Patient195,Surname195,1998-01-28,male,Reading,Private,2023-08-10
196,Patient196,Surname196,2016-04-06,F,Oxford,Self-Pay,2024-08-26
197,Patient197,Surname197,2018-03-15,female,Bristol,NHS,2023-04-13
198,Patient198,Surname198,1967-06-01,M,Reading,NHS,2023-07-03
199,Patient199,Surname199,1977-02-12,Male,Birmingham,Self-Pay,2023-05-10
200,Patient200,Surname200,1974-08-11,Male,London,Self-Pay,2023-10-27
201,Patient201,Surname201,2012-07-26,Female,Birmingham,NHS,2023-04-16
202,Patient202,Surname202,1951-02-06,female,Oxford,NHS,2024-05-05
203,Patient203,Surname203,1989-07-08,M,Reading,Private,2023-09-16
204,Patient204,Surname204,1992-11-10,Male,London,NHS,2024-05-18
205,Patient205,Surname205,1956-08-24,female,Birmingham,Self-Pay,2023-02-24
206,Patient206,Surname206,1963-08-12,Female,Bristol,NHS,2023-03-29
207,Patient207,Surname207,1972-04-07,Male,Bristol,NHS,2024-09-12
208,Patient208,Surname208,2003-06-25,female,Reading,Self-Pay,2024-01-25
209,Patient209,Surname209,1990-06-02,F,Oxford,Self-Pay,2024-03-15
210,Patient210,Surname210,1977-05-25,female,Bristol,Private,2024-09-16
211,Patient211,Surname211,2016-05-25,Male,Reading,Self-Pay,2023-08-05
212,Patient212,Surname212,1973-09-28,male,London,Private,2023-09-03
213,Patient213,Surname213,1965-08-05,female,London,Private,2023-01-03
214,Patient214,Surname214,1986-08-26,F,Birmingham,Self-Pay,2024-04-26
215,Patient215,Surname215,1976-02-17,Male,Reading,NHS,2024-12-24
216,Patient216,Surname216,1975-05-14,male,Slough,Private,2024-12-04
217,Patient217,Surname217,1970-12-10,M,Birmingham,Self-Pay,2024-11-08
218,Patient218,Surname218,1967-10-01,F,London,Self-Pay,2023-08-19
219,Patient219,Surname219,2008-02-07,Female,Oxford,Private,2023-03-15
220,Patient220,Surname220,1955-05-09,Female,Oxford,Self-Pay,2025-02-05
221,Patient221,Surname221,2001-01-24,M,Slough,Private,2024-04-24
222,Patient222,Surname222,2011-10-14,M,Birmingham,NHS,2023-10-06
223,Patient223,Surname223,1994-11-25,female,Slough,NHS,2023-03-24
224,Patient224,Surname224,2003-08-27,Male,Slough,Self-Pay,2023-11-27
225,Patient225,Surname225,2004-02-29,M,London,Private,2023-08-23
226,Patient226,Surname226,2010-06-30,female,Bristol,Private,2025-02-22
227,Patient227,Surname227,2010-04-25,M,Bristol,Private,2025-02-20
228,Patient228,Surname228,2017-11-06,Female,Slough,Self-Pay,2024-10-29
229,Patient229,Surname229,1989-09-03,M,Reading,Self-Pay,2024-03-22
230,Patient230,Surname230,2006-12-13,F,London,NHS,2023-12-23
231,Patient231,Surname231,1986-08-20,M,Oxford,Self-Pay,2023-04-18
232,Patient232,Surname232,1964-06-05,M,Slough,Self-Pay,2024-05-22
233,Patient233,Surname233,1975-11-10,male,Slough,Self-Pay,2023-02-07
234,Patient234,Surname234,1990-10-21,Male,Oxford,NHS,2023-11-28
235,Patient235,Surname235,1960-05-26,F,Bristol,Private,2024-11-04
236,Patient236,Surname236,1998-09-05,F,Slough,Private,2023-07-12
237,Patient237,Surname237,1996-07-06,M,Bristol,NHS,2024-10-02
238,Patient238,Surname238,1989-08-28,Male,Reading,NHS,2024-07-16
239,Patient239,Surname239,1961-10-03,M,Slough,Self-Pay,2024-05-11
240,Patient240,Surname240,1960-11-22,Male,Birmingham,Self-Pay,2025-03-29
241,Patient241,Surname241,1971-06-21,male,Reading,NHS,2024-07-18
242,Patient242,Surname242,1951-03-25,female,Slough,Private,2023-08-19
243,Patient243,Surname243,1960-03-06,F,London,Self-Pay,2025-05-02
244,Patient244,Surname244,1963-10-25,F,Birmingham,NHS,2024-06-05
245,Patient245,Surname245,2013-04-14,M,Slough,NHS,2024-04-28
246,Patient246,Surname246,1971-11-13,F,Bristol,Private,2024-01-28
247,Patient247,Surname247,1967-02-06,female,Bristol,Self-Pay,2025-06-19
248,Patient248,Surname248,1962-04-01,Male,Oxford,NHS,2023-12-15
249,Patient249,Surname249,1995-07-21,M,London,NHS,2025-01-13
250,Patient250,Surname250,1976-10-14,female,Bristol,Self-Pay,2024-05-16
251,Patient251,Surname251,1963-05-02,F,Bristol,NHS,2023-12-20
252,Patient252,Surname252,1979-10-29,female,Bristol,NHS,2024-04-11
253,Patient253,Surname253,1978-11-14,Female,Birmingham,Private,2024-08-08
254,Patient254,Surname254,1984-05-11,Female,Slough,Private,2023-11-22
255,Patient255,Surname255,2016-10-23,F,Birmingham,NHS,2024-01-31
256,Patient256,Surname256,2009-07-17,male,Reading,NHS,2023-02-07
257,Patient257,Surname257,1961-04-29,female,Bristol,NHS,2025-06-09
258,Patient258,Surname258,1959-01-02,F,London,Self-Pay,2024-04-12
259,Patient259,Surname259,1951-05-18,male,Reading,NHS,2025-06-10
260,Patient260,Surname260,2008-09-28,Female,London,NHS,2025-03-11
261,Patient261,Surname261,1973-10-11,M,Bristol,Self-Pay,2024-02-12
262,Patient262,Surname262,2008-04-19,Male,Oxford,Self-Pay,2025-05-29
263,Patient263,Surname263,1997-11-15,F,Oxford,Self-Pay,2025-01-05
264,Patient264,Surname264,2018-02-17,F,Bristol,Private,2024-09-24
265,Patient265,Surname265,1956-02-21,Female,Birmingham,Self-Pay,2023-10-22
266,Patient266,Surname266,1970-05-30,male,London,NHS,2023-04-11
267,Patient267,Surname267,2018-03-20,male,Birmingham,Private,2024-03-30
268,Patient268,Surname268,1964-12-04,male,Oxford,Private,2023-02-17
269,Patient269,Surname269,1979-02-07,Male,Oxford,NHS,2024-01-19
270,Patient270,Surname270,1988-08-21,Female,Reading,Self-Pay,2024-02-26
271,Patient271,Surname271,2000-10-09,male,Reading,Private,2023-06-29
272,Patient272,Surname272,1957-01-31,female,Slough,Self-Pay,2024-11-30
273,Patient273,Surname273,1971-08-10,F,Bristol,Private,2023-08-26
274,Patient274,Surname274,1991-05-16,male,Oxford,NHS,2023-09-19
275,Patient275,Surname275,2009-10-29,Male,Slough,NHS,2024-11-24
276,Patient276,Surname276,1999-01-14,Female,London,NHS,2023-12-20
277,Patient277,Surname277,2002-09-18,M,Birmingham,NHS,2024-12-07
278,Patient278,Surname278,1972-06-09,F,Oxford,Private,2024-01-29
279,Patient279,Surname279,1993-05-08,Male,Reading,NHS,2024-08-08
280,Patient280,Surname280,1982-03-16,female,Oxford,Self-Pay,2023-10-30
281,Patient281,Surname281,1951-12-20,male,Slough,NHS,2023-01-09
282,Patient282,Surname282,2000-10-09,male,Birmingham,Private,2024-09-12
283,Patient283,Surname283,2016-11-07,F,Oxford,Private,2024-09-13
284,Patient284,Surname284,1981-08-10,Female,Birmingham,Private,2024-09-27
285,Patient285,Surname285,1972-06-26,male,Birmingham,Self-Pay,2024-11-28
286,Patient286,Surname286,1962-04-09,male,London,Self-Pay,2024-10-23
287,Patient287,Surname287,1953-07-15,M,Slough,Private,2024-08-16
288,Patient288,Surname288,1982-09-25,male,Reading,Private,2023-10-30
289,Patient289,Surname289,1979-04-24,male,Slough,Private,2023-07-25
290,Patient290,Surname290,1961-11-09,female,Oxford,Self-Pay,2024-05-28
291,Patient291,Surname291,1974-06-14,Female,Oxford,NHS,2025-04-05
292,Patient292,Surname292,1976-06-24,male,Oxford,Private,2024-04-24
293,Patient293,Surname293,1956-10-03,Female,Reading,Self-Pay,2025-01-11
294,Patient294,Surname294,2010-07-03,F,Bristol,NHS,2023-04-03
295,Patient295,Surname295,1985-05-26,Male,Oxford,Self-Pay,2023-05-07
296,Patient296,Surname296,1990-10-20,M,Birmingham,Self-Pay,2024-11-19
297,Patient297,Surname297,1973-07-09,female,Slough,Self-Pay,2024-01-16
298,Patient298,Surname298,1959-09-21,male,Reading,NHS,2023-01-26
299,Patient299,Surname299,2005-08-01,female,Oxford,Self-Pay,2023-08-15
300,Patient300,Surname300,2008-02-08,Male,Birmingham,NHS,2024-12-18
301,Patient301,Surname301,1977-02-10,male,Slough,Private,2023-05-24
302,Patient302,Surname302,1954-01-25,Male,Oxford,NHS,2023-04-29
303,Patient303,Surname303,1958-09-20,Female,Bristol,Private,2024-02-02
304,Patient304,Surname304,1990-09-12,M,Birmingham,Self-Pay,2024-12-14
305,Patient305,Surname305,1998-06-19,F,Bristol,Self-Pay,2025-01-14
306,Patient306,Surname306,1963-11-12,F,Birmingham,Private,2025-05-03
307,Patient307,Surname307,1993-11-25,female,Slough,NHS,2023-02-03
308,Patient308,Surname308,2011-12-06,M,Reading,NHS,2024-03-31
309,Patient309,Surname309,1971-03-08,M,London,Self-Pay,2024-01-12
310,Patient310,Surname310,1998-11-06,male,Oxford,Private,2024-02-12
311,Patient311,Surname311,1974-10-02,Female,London,NHS,2023-04-04
312,Patient312,Surname312,2009-06-17,Female,Birmingham,Self-Pay,2024-09-03
313,Patient313,Surname313,1951-12-01,Male,Oxford,Private,2023-05-09
314,Patient314,Surname314,2000-08-26,Female,London,Self-Pay,2023-08-01
315,Patient315,Surname315,2002-08-10,Female,Reading,NHS,2025-03-03
316,Patient316,Surname316,1963-03-29,female,London,NHS,2025-05-29
317,Patient317,Surname317,1962-12-25,Female,Bristol,NHS,2025-03-28
318,Patient318,Surname318,1965-08-27,Male,Birmingham,Private,2023-05-15
319,Patient319,Surname319,1951-05-02,M,Reading,Self-Pay,2023-11-28
320,Patient320,Surname320,1951-06-02,Female,Oxford,Private,2023-05-10
321,Patient321,Surname321,2016-07-17,F,Bristol,Private,2025-02-02
322,Patient322,Surname322,1955-09-14,F,Slough,NHS,2024-06-09
323,Patient323,Surname323,2003-04-06,Male,Slough,Self-Pay,2023-08-15
324,Patient324,Surname324,2005-03-08,Male,Birmingham,Self-Pay,2024-06-17
325,Patient325,Surname325,1977-01-22,F,Birmingham,Private,2023-03-04
326,Patient326,Surname326,1992-12-21,F,Slough,Self-Pay,2023-04-21
327,Patient327,Surname327,1993-12-26,male,Slough,Private,2023-03-24
328,Patient328,Surname328,1978-11-24,female,Reading,Private,2023-05-10
329,Patient329,Surname329,1974-09-03,female,Birmingham,Self-Pay,2024-07-15
330,Patient330,Surname330,2013-11-21,M,Slough,Self-Pay,2024-06-27
331,Patient331,Surname331,1976-06-16,F,Bristol,Self-Pay,2024-03-16
332,Patient332,Surname332,1958-11-24,male,London,Self-Pay,2024-10-28
333,Patient333,Surname333,1999-06-19,male,Reading,NHS,2024-04-07
334,Patient334,Surname334,1970-07-02,F,Oxford,NHS,2024-02-13
335,Patient335,Surname335,1987-04-28,male,London,NHS,2024-03-13
336,Patient336,Surname336,1978-01-14,male,Oxford,NHS,2023-06-06
337,Patient337,Surname337,2011-08-14,F,London,Private,2025-05-01
338,Patient338,Surname338,1957-08-29,Male,Slough,Private,2025-02-01
339,Patient339,Surname339,2016-04-12,M,Reading,Self-Pay,2023-03-03
340,Patient340,Surname340,2002-08-13,female,Bristol,NHS,2024-11-17
341,Patient341,Surname341,1960-12-19,F,Oxford,Self-Pay,2025-02-07
342,Patient342,Surname342,1987-12-11,male,London,NHS,2024-09-06
343,Patient343,Surname343,1978-01-12,M,London,Self-Pay,2024-06-03
344,Patient344,Surname344,1969-02-01,Female,Birmingham,NHS,2023-08-18
345,Patient345,Surname345,1959-09-17,M,Bristol,NHS,2023-04-28
346,Patient346,Surname346,2018-06-02,M,Bristol,Private,2025-04-06
347,Patient347,Surname347,1988-07-01,female,Bristol,Self-Pay,2024-11-22
348,Patient348,Surname348,2007-08-29,female,London,Self-Pay,2024-11-04
349,Patient349,Surname349,2012-03-19,M,London,Private,2023-10-07
350,Patient350,Surname350,2013-01-16,M,Oxford,NHS,2023-01-07
351,Patient351,Surname351,1966-04-11,Female,Bristol,Self-Pay,2024-02-15
352,Patient352,Surname352,1956-03-30,Female,Birmingham,Self-Pay,2023-02-01
353,Patient353,Surname353,1958-03-26,male,Bristol,Private,2024-01-21
354,Patient354,Surname354,1987-09-01,F,Oxford,Private,2024-01-14
355,Patient355,Surname355,1977-12-16,male,Oxford,Self-Pay,2024-09-02
356,Patient356,Surname356,1957-08-15,Male,Reading,Private,2025-02-11
357,Patient357,Surname357,2005-06-06,Male,Birmingham,Private,2023-10-06
358,Patient358,Surname358,1989-10-02,male,Slough,NHS,2024-09-13
359,Patient359,Surname359,1989-08-28,F,Oxford,Private,2025-02-12
360,Patient360,Surname360,1995-12-19,Male,Oxford,NHS,2023-04-24
361,Patient361,Surname361,1975-05-31,male,Birmingham,Self-Pay,2024-05-13
362,Patient362,Surname362,1997-04-10,male,Oxford,Private,2023-08-14
363,Patient363,Surname363,1985-06-17,female,London,Private,2023-07-29
364,Patient364,Surname364,1977-01-15,Female,Reading,NHS,2023-10-24
365,Patient365,Surname365,1979-06-09,Male,London,NHS,2025-02-03
366,Patient366,Surname366,1988-08-20,Female,Reading,NHS,2024-06-29
367,Patient367,Surname367,2013-02-16,Female,Bristol,Self-Pay,2025-05-03
368,Patient368,Surname368,2009-12-07,M,London,NHS,2025-06-01
369,Patient369,Surname369,2016-07-28,Male,Slough,Private,2024-04-15
370,Patient370,Surname370,1956-12-26,M,Bristol,NHS,2024-08-10
371,Patient371,Surname371,1986-04-14,male,Birmingham,NHS,2023-10-24
372,Patient372,Surname372,1960-05-02,F,London,NHS,2023-06-25
373,Patient373,Surname373,2005-06-15,F,Birmingham,NHS,2023-04-01
374,Patient374,Surname374,1989-03-07,Male,Reading,NHS,2024-08-26
375,Patient375,Surname375,1985-12-04,female,London,NHS,2025-06-10
376,Patient376,Surname376,1977-11-02,male,Oxford,Private,2023-12-08
377,Patient377,Surname377,1965-01-31,Male,Bristol,Self-Pay,2023-04-27
378,Patient378,Surname378,1997-08-08,female,Reading,NHS,2023-12-26
379,Patient379,Surname379,2015-04-04,male,Reading,Private,2023-04-16
380,Patient380,Surname380,1963-02-20,M,Reading,Private,2024-09-08
381,Patient381,Surname381,1963-09-19,male,London,Private,2025-03-02
382,Patient382,Surname382,2006-05-03,F,Slough,Self-Pay,2025-02-17
383,Patient383,Surname383,2001-12-27,F,Birmingham,Self-Pay,2024-10-20
384,Patient384,Surname384,2006-12-30,female,Oxford,Self-Pay,2023-11-20
385,Patient385,Surname385,1963-07-18,F,London,NHS,2024-03-28
386,Patient386,Surname386,2006-08-24,M,Oxford,Self-Pay,2023-02-27
387,Patient387,Surname387,1981-07-29,female,London,NHS,2024-04-17
388,Patient388,Surname388,1990-07-18,Male,London,NHS,2025-05-01
389,Patient389,Surname389,1975-10-03,Male,Birmingham,Private,2024-09-21
390,Patient390,Surname390,2003-04-19,female,Slough,NHS,2024-08-17
391,Patient391,Surname391,1999-09-24,male,London,NHS,2025-04-09
392,Patient392,Surname392,2001-04-15,male,Reading,NHS,2024-09-11
393,Patient393,Surname393,1992-09-02,female,Reading,Private,2024-04-06
394,Patient394,Surname394,1959-04-15,M,Birmingham,Private,2024-05-31
395,Patient395,Surname395,2007-12-20,Female,London,Private,2024-12-25
396,Patient396,Surname396,1989-04-10,F,Bristol,Self-Pay,2024-09-16
397,Patient397,Surname397,1964-03-29,M,Oxford,NHS,2024-02-01
398,Patient398,Surname398,1986-09-03,M,Birmingham,Self-Pay,2023-02-23
399,Patient399,Surname399,2006-08-07,male,Oxford,Private,2023-12-04
400,Patient400,Surname400,1958-06-24,female,Birmingham,NHS,2023-10-18
401,Patient401,Surname401,1972-08-10,male,Birmingham,Self-Pay,2025-06-13
402,Patient402,Surname402,1963-06-29,M,London,Self-Pay,2024-11-10
403,Patient403,Surname403,1962-09-09,M,Oxford,Self-Pay,2024-12-16
404,Patient404,Surname404,2009-05-27,F,Reading,Self-Pay,2024-12-26
405,Patient405,Surname405,1957-08-08,M,Bristol,NHS,2024-10-20
406,Patient406,Surname406,1979-06-21,Female,Birmingham,Self-Pay,2025-04-28
407,Patient407,Surname407,2016-04-12,male,Bristol,Private,2024-10-23
408,Patient408,Surname408,2010-02-24,F,Bristol,NHS,2023-01-19
409,Patient409,Surname409,1982-07-13,M,Reading,Private,2023-12-16
410,Patient410,Surname410,1993-08-17,Female,Reading,Private,2023-06-08
411,Patient411,Surname411,1956-12-03,M,London,Self-Pay,2025-02-28
412,Patient412,Surname412,1998-06-05,male,Bristol,Private,2024-11-08
413,Patient413,Surname413,1980-03-19,female,Reading,Self-Pay,2024-01-21
414,Patient414,Surname414,1963-11-03,Female,Reading,Self-Pay,2025-02-28
415,Patient415,Surname415,2006-01-18,Female,Birmingham,NHS,2023-02-14
416,Patient416,Surname416,1986-11-11,M,Birmingham,Self-Pay,2023-09-01
417,Patient417,Surname417,1989-11-07,female,Oxford,Self-Pay,2025-03-13
418,Patient418,Surname418,1990-04-11,Female,Bristol,Private,2023-11-13
419,Patient419,Surname419,1992-01-29,Female,Oxford,Self-Pay,2024-08-07
420,Patient420,Surname420,1989-07-12,F,Oxford,NHS,2024-05-29
421,Patient421,Surname421,1997-04-27,F,Reading,Private,2025-03-31
422,Patient422,Surname422,2004-03-31,Female,Oxford,Private,2024-10-18
423,Patient423,Surname423,1993-02-11,M,Bristol,Private,2024-12-29
424,Patient424,Surname424,1996-04-14,Male,Oxford,Private,2025-02-20
425,Patient425,Surname425,1964-05-20,M,Slough,Self-Pay,2023-05-31
426,Patient426,Surname426,1989-04-01,Male,Reading,NHS,2023-12-24
427,Patient427,Surname427,1952-05-23,F,London,NHS,2024-05-29
428,Patient428,Surname428,1983-07-20,Female,Slough,Private,2024-01-19
429,Patient429,Surname429,1970-02-22,Male,Oxford,Private,2025-05-09
430,Patient430,Surname430,2014-02-13,male,Oxford,Private,2023-05-21
431,Patient431,Surname431,1953-06-09,M,Slough,Self-Pay,2025-05-01
432,Patient432,Surname432,1962-06-14,male,Slough,NHS,2024-09-22
433,Patient433,Surname433,1950-06-22,Male,London,NHS,2023-08-09
434,Patient434,Surname434,1963-06-01,female,Birmingham,Self-Pay,2024-06-24
435,Patient435,Surname435,1987-12-22,Male,Oxford,Private,2023-11-05
436,Patient436,Surname436,1960-12-06,Male,Reading,NHS,2024-10-16
437,Patient437,Surname437,2005-11-16,F,London,Private,2025-05-06
438,Patient438,Surname438,1994-11-04,female,Bristol,Private,2024-10-09
439,Patient439,Surname439,1996-03-27,female,Reading,Self-Pay,2023-05-28
440,Patient440,Surname440,1976-02-18,F,London,Self-Pay,2023-12-28
441,Patient441,Surname441,1971-08-01,female,Slough,Private,2024-11-11
442,Patient442,Surname442,2009-12-13,Male,Bristol,NHS,2023-03-11
443,Patient443,Surname443,1997-03-12,female,Bristol,Self-Pay,2024-07-21
444,Patient444,Surname444,1951-10-29,F,Slough,Private,2024-10-12
445,Patient445,Surname445,1984-09-16,M,Oxford,Self-Pay,2023-01-17
446,Patient446,Surname446,1982-01-14,Male,Oxford,Private,2025-01-20
447,Patient447,Surname447,2008-12-13,male,London,Self-Pay,2025-01-22
448,Patient448,Surname448,2017-11-19,M,Reading,Private,2023-12-27
449,Patient449,Surname449,1998-12-26,M,Birmingham,Private,2025-04-30
450,Patient450,Surname450,2011-06-05,F,Birmingham,NHS,2024-10-08
451,Patient451,Surname451,1966-05-09,Female,London,Self-Pay,2025-03-05
452,Patient452,Surname452,1991-01-23,Male,Oxford,Private,2023-02-14
453,Patient453,Surname453,1967-11-24,Male,Oxford,NHS,2024-06-11
454,Patient454,Surname454,1985-09-23,female,Slough,NHS,2023-02-07
455,Patient455,Surname455,2017-07-31,male,Reading,NHS,2024-01-01
456,Patient456,Surname456,1954-04-16,male,Oxford,NHS,2023-05-08
457,Patient457,Surname457,1983-01-07,F,Slough,Self-Pay,2024-03-26
458,Patient458,Surname458,1984-09-08,M,Reading,NHS,2024-12-09
459,Patient459,Surname459,1994-08-20,M,Bristol,NHS,2025-03-31
460,Patient460,Surname460,1957-05-31,male,Slough,Private,2024-03-16
461,Patient461,Surname461,2004-01-19,Female,Bristol,NHS,2023-11-25
462,Patient462,Surname462,1959-03-16,Male,Oxford,Self-Pay,2023-10-30
463,Patient463,Surname463,1977-07-01,F,Bristol,Self-Pay,2024-03-12
464,Patient464,Surname464,1964-12-13,male,Slough,NHS,2024-04-02
465,Patient465,Surname465,1953-10-19,male,Oxford,Self-Pay,2024-03-21
466,Patient466,Surname466,1974-08-19,male,London,Private,2024-11-18
467,Patient467,Surname467,2007-03-13,F,Oxford,Self-Pay,2025-03-31
468,Patient468,Surname468,2017-04-11,male,Reading,Private,2023-05-27
469,Patient469,Surname469,2004-07-04,male,Slough,Private,2023-05-10
470,Patient470,Surname470,1956-01-13,Female,Birmingham,NHS,2024-01-06
471,Patient471,Surname471,1984-05-07,female,London,Self-Pay,2023-06-07
472,Patient472,Surname472,2010-12-03,F,Oxford,NHS,2024-03-30
473,Patient473,Surname473,1956-11-24,female,Reading,Self-Pay,2024-01-11
474,Patient474,Surname474,1985-09-16,M,Birmingham,NHS,2023-09-13
475,Patient475,Surname475,1960-03-06,Male,Birmingham,Private,2024-05-26
476,Patient476,Surname476,1996-06-13,F,Bristol,Private,2023-09-26
477,Patient477,Surname477,1973-05-09,male,Slough,Private,2024-09-18
478,Patient478,Surname478,1975-08-15,male,Slough,Private,2023-05-06
479,Patient479,Surname479,1962-03-06,Male,Slough,Private,2024-12-31
480,Patient480,Surname480,1989-12-07,Male,Birmingham,NHS,2024-11-14
481,Patient481,Surname481,1981-03-03,male,London,Self-Pay,2024-07-09
482,Patient482,Surname482,1976-01-19,M,Reading,Self-Pay,2024-12-27
483,Patient483,Surname483,2012-10-26,male,Reading,NHS,2024-06-04
484,Patient484,Surname484,1970-02-12,Male,Reading,Private,2023-08-31
485,Patient485,Surname485,1994-04-28,Male,Oxford,Self-Pay,2024-08-09
486,Patient486,Surname486,1983-02-05,F,Bristol,Private,2024-09-18
487,Patient487,Surname487,1957-09-26,Male,Oxford,NHS,2025-01-04
488,Patient488,Surname488,2014-06-29,F,Bristol,NHS,2025-02-26
489,Patient489,Surname489,1986-09-25,female,London,Private,2023-11-21
490,Patient490,Surname490,2007-08-18,Male,Slough,NHS,2024-11-27
491,Patient491,Surname491,1996-05-31,M,Reading,Self-Pay,2024-10-17
492,Patient492,Surname492,2002-09-25,Female,Reading,NHS,2024-05-29
493,Patient493,Surname493,1954-12-21,Male,Bristol,Private,2023-11-08
494,Patient494,Surname494,1964-10-09,Female,Oxford,Self-Pay,2023-08-19
495,Patient495,Surname495,1981-01-16,female,Oxford,Private,2023-09-14
496,Patient496,Surname496,1967-08-12,male,Bristol,NHS,2023-05-09
497,Patient497,Surname497,2006-01-27,M,Bristol,Self-Pay,2023-04-06
498,Patient498,Surname498,1995-02-02,male,Reading,Self-Pay,2024-08-17
499,Patient499,Surname499,1963-11-01,Female,Birmingham,Self-Pay,2025-01-07
500,Patient500,Surname500,2004-04-16,M,Bristol,Private,2025-04-25
501,Patient10,Surname10,1958-04-28,F,London,NHS,2025-05-17
