ScheduleID,DoctorID,Date,Shift,HoursWorked
1,1,2025-01-01,,6
2,2,2025-01-01,Afternoon,10
3,3,2025-01-01,Morning,6
4,4,2025-01-01,Afternoon,6
5,5,2025-01-01,Morning,6
6,6,2025-01-01,Afternoon,8
7,7,2025-01-01,Morning,6
8,8,2025-01-01,,10
9,9,2025-01-01,Morning,8
10,10,2025-01-01,Night,6
11,11,2025-01-01,Morning,8
12,12,2025-01-01,Night,6
13,13,2025-01-01,Afternoon,6
14,14,2025-01-01,Afternoon,6
15,15,2025-01-01,,10
16,16,2025-01-01,Afternoon,6
17,17,2025-01-01,Morning,8
18,18,2025-01-01,Afternoon,6
19,19,2025-01-01,Morning,8
20,20,2025-01-01,Afternoon,6
21,21,2025-01-01,Afternoon,8
22,22,2025-01-01,Afternoon,8
23,23,2025-01-01,,6
24,24,2025-01-01,Night,10
25,25,2025-01-01,,8
26,1,2025-01-02,Afternoon,8
27,2,2025-01-02,Night,6
28,3,2025-01-02,Night,8
29,4,2025-01-02,Morning,10
30,5,2025-01-02,Night,8
31,6,2025-01-02,,10
32,7,2025-01-02,Night,8
33,8,2025-01-02,,8
34,9,2025-01-02,Morning,10
35,10,2025-01-02,,10
36,11,2025-01-02,,6
37,12,2025-01-02,Night,10
38,13,2025-01-02,Night,8
39,14,2025-01-02,Night,6
40,15,2025-01-02,Night,8
41,16,2025-01-02,Morning,8
42,17,2025-01-02,,10
43,18,2025-01-02,,10
44,19,2025-01-02,,8
45,20,2025-01-02,Afternoon,10
46,21,2025-01-02,Night,10
47,22,2025-01-02,Afternoon,8
48,23,2025-01-02,Afternoon,10
49,24,2025-01-02,Night,10
50,25,2025-01-02,,10
51,1,2025-01-03,Afternoon,8
52,2,2025-01-03,,6
53,3,2025-01-03,,8
54,4,2025-01-03,Night,10
55,5,2025-01-03,Night,6
56,6,2025-01-03,Afternoon,6
57,7,2025-01-03,,8
58,8,2025-01-03,Night,10
59,9,2025-01-03,,6
60,10,2025-01-03,Night,6
61,11,2025-01-03,Afternoon,10
62,12,2025-01-03,,10
63,13,2025-01-03,Afternoon,10
64,14,2025-01-03,Night,8
65,15,2025-01-03,Afternoon,10
66,16,2025-01-03,,10
67,17,2025-01-03,Night,10
68,18,2025-01-03,Morning,8
69,19,2025-01-03,Morning,10
70,20,2025-01-03,Night,8
71,21,2025-01-03,Morning,8
72,22,2025-01-03,Morning,10
73,23,2025-01-03,Afternoon,10
74,24,2025-01-03,Night,8
75,25,2025-01-03,,6
76,1,2025-01-04,Morning,6
77,2,2025-01-04,,6
78,3,2025-01-04,Night,6
79,4,2025-01-04,Afternoon,10
80,5,2025-01-04,Morning,10
81,6,2025-01-04,,8
82,7,2025-01-04,Afternoon,10
83,8,2025-01-04,,6
84,9,2025-01-04,Night,8
85,10,2025-01-04,Night,10
86,11,2025-01-04,Morning,6
87,12,2025-01-04,Morning,6
88,13,2025-01-04,,6
89,14,2025-01-04,Night,10
90,15,2025-01-04,Night,6
91,16,2025-01-04,Night,6
92,17,2025-01-04,Afternoon,10
93,18,2025-01-04,Morning,8
94,19,2025-01-04,Night,6
95,20,2025-01-04,Afternoon,10
96,21,2025-01-04,Morning,8
97,22,2025-01-04,Afternoon,8
98,23,2025-01-04,Afternoon,6
99,24,2025-01-04,Afternoon,8
100,25,2025-01-04,Night,10
101,1,2025-01-05,Afternoon,6
102,2,2025-01-05,,10
103,3,2025-01-05,Night,6
104,4,2025-01-05,Morning,10
105,5,2025-01-05,Morning,6
106,6,2025-01-05,Afternoon,6
107,7,2025-01-05,Night,10
108,8,2025-01-05,Morning,8
109,9,2025-01-05,Afternoon,8
110,10,2025-01-05,Night,6
111,11,2025-01-05,,8
112,12,2025-01-05,Afternoon,10
113,13,2025-01-05,,10
114,14,2025-01-05,,6
115,15,2025-01-05,Night,6
116,16,2025-01-05,Morning,10
117,17,2025-01-05,Night,8
118,18,2025-01-05,Afternoon,10
119,19,2025-01-05,Afternoon,10
120,20,2025-01-05,Night,8
121,21,2025-01-05,Night,8
122,22,2025-01-05,Morning,8
123,23,2025-01-05,,6
124,24,2025-01-05,Morning,10
125,25,2025-01-05,Afternoon,8
126,1,2025-01-06,Morning,6
127,2,2025-01-06,,10
128,3,2025-01-06,Night,8
129,4,2025-01-06,Night,8
130,5,2025-01-06,Afternoon,10
131,6,2025-01-06,,10
132,7,2025-01-06,Morning,8
133,8,2025-01-06,Afternoon,8
134,9,2025-01-06,Afternoon,10
135,10,2025-01-06,Morning,8
136,11,2025-01-06,,6
137,12,2025-01-06,Afternoon,8
138,13,2025-01-06,Night,8
139,14,2025-01-06,Morning,6
140,15,2025-01-06,Morning,10
141,16,2025-01-06,Night,8
142,17,2025-01-06,Night,8
143,18,2025-01-06,Afternoon,8
144,19,2025-01-06,Night,6
145,20,2025-01-06,Afternoon,8
146,21,2025-01-06,Morning,10
147,22,2025-01-06,Night,10
148,23,2025-01-06,Morning,10
149,24,2025-01-06,,8
150,25,2025-01-06,Afternoon,6
151,1,2025-01-07,Morning,8
152,2,2025-01-07,Afternoon,6
153,3,2025-01-07,,6
154,4,2025-01-07,Morning,6
155,5,2025-01-07,Night,6
156,6,2025-01-07,,10
157,7,2025-01-07,,6
158,8,2025-01-07,Night,8
159,9,2025-01-07,Morning,10
160,10,2025-01-07,Night,10
161,11,2025-01-07,Afternoon,6
162,12,2025-01-07,,8
163,13,2025-01-07,Afternoon,10
164,14,2025-01-07,Morning,6
165,15,2025-01-07,Afternoon,8
166,16,2025-01-07,Afternoon,10
167,17,2025-01-07,Morning,8
168,18,2025-01-07,Night,6
169,19,2025-01-07,Night,10
170,20,2025-01-07,Afternoon,6
171,21,2025-01-07,Afternoon,8
172,22,2025-01-07,Afternoon,8
173,23,2025-01-07,Night,8
174,24,2025-01-07,Morning,10
175,25,2025-01-07,Afternoon,10
176,1,2025-01-08,Afternoon,10
177,2,2025-01-08,Afternoon,6
178,3,2025-01-08,Afternoon,8
179,4,2025-01-08,Afternoon,8
180,5,2025-01-08,Night,8
181,6,2025-01-08,,8
182,7,2025-01-08,,6
183,8,2025-01-08,Morning,6
184,9,2025-01-08,Night,8
185,10,2025-01-08,Morning,10
186,11,2025-01-08,Night,10
187,12,2025-01-08,Night,6
188,13,2025-01-08,Morning,10
189,14,2025-01-08,Afternoon,10
190,15,2025-01-08,Night,6
191,16,2025-01-08,,10
192,17,2025-01-08,Night,6
193,18,2025-01-08,Morning,6
194,19,2025-01-08,Afternoon,10
195,20,2025-01-08,,8
196,21,2025-01-08,Morning,10
197,22,2025-01-08,Morning,8
198,23,2025-01-08,Morning,8
199,24,2025-01-08,Afternoon,10
200,25,2025-01-08,Morning,10
201,1,2025-01-09,,10
202,2,2025-01-09,Afternoon,8
203,3,2025-01-09,Night,6
204,4,2025-01-09,,6
205,5,2025-01-09,Afternoon,10
206,6,2025-01-09,Morning,8
207,7,2025-01-09,Afternoon,10
208,8,2025-01-09,Morning,10
209,9,2025-01-09,Morning,10
210,10,2025-01-09,,6
211,11,2025-01-09,Afternoon,6
212,12,2025-01-09,Morning,10
213,13,2025-01-09,Afternoon,8
214,14,2025-01-09,Morning,8
215,15,2025-01-09,,6
216,16,2025-01-09,,8
217,17,2025-01-09,,6
218,18,2025-01-09,Morning,8
219,19,2025-01-09,Afternoon,10
220,20,2025-01-09,,8
221,21,2025-01-09,Morning,8
222,22,2025-01-09,Night,8
223,23,2025-01-09,Morning,8
224,24,2025-01-09,Afternoon,6
225,25,2025-01-09,Night,8
226,1,2025-01-10,Night,6
227,2,2025-01-10,Morning,6
228,3,2025-01-10,Morning,6
229,4,2025-01-10,,10
230,5,2025-01-10,Afternoon,10
231,6,2025-01-10,,10
232,7,2025-01-10,Morning,6
233,8,2025-01-10,Night,10
234,9,2025-01-10,Night,6
235,10,2025-01-10,Afternoon,10
236,11,2025-01-10,Night,10
237,12,2025-01-10,,8
238,13,2025-01-10,,6
239,14,2025-01-10,Afternoon,10
240,15,2025-01-10,Morning,8
241,16,2025-01-10,Morning,10
242,17,2025-01-10,Afternoon,8
243,18,2025-01-10,,10
244,19,2025-01-10,,10
245,20,2025-01-10,Night,8
246,21,2025-01-10,Morning,10
247,22,2025-01-10,Afternoon,6
248,23,2025-01-10,,10
249,24,2025-01-10,Morning,6
250,25,2025-01-10,Morning,6
251,1,2025-01-11,Afternoon,8
252,2,2025-01-11,Afternoon,6
253,3,2025-01-11,Morning,8
254,4,2025-01-11,Morning,6
255,5,2025-01-11,Afternoon,8
256,6,2025-01-11,,6
257,7,2025-01-11,Morning,10
258,8,2025-01-11,Night,6
259,9,2025-01-11,Afternoon,6
260,10,2025-01-11,Morning,6
261,11,2025-01-11,Afternoon,8
262,12,2025-01-11,Afternoon,6
263,13,2025-01-11,Morning,10
264,14,2025-01-11,Afternoon,10
265,15,2025-01-11,Morning,10
266,16,2025-01-11,,10
267,17,2025-01-11,Morning,10
268,18,2025-01-11,,6
269,19,2025-01-11,,6
270,20,2025-01-11,Afternoon,10
271,21,2025-01-11,Morning,10
272,22,2025-01-11,,6
273,23,2025-01-11,,10
274,24,2025-01-11,Morning,8
275,25,2025-01-11,Night,10
276,1,2025-01-12,,8
277,2,2025-01-12,,6
278,3,2025-01-12,Morning,6
279,4,2025-01-12,Morning,8
280,5,2025-01-12,Afternoon,6
281,6,2025-01-12,Night,10
282,7,2025-01-12,Morning,6
283,8,2025-01-12,,6
284,9,2025-01-12,,6
285,10,2025-01-12,,6
286,11,2025-01-12,Night,10
287,12,2025-01-12,Night,6
288,13,2025-01-12,Night,6
289,14,2025-01-12,Afternoon,6
290,15,2025-01-12,,6
291,16,2025-01-12,Night,6
292,17,2025-01-12,Morning,10
293,18,2025-01-12,Morning,10
294,19,2025-01-12,Night,10
295,20,2025-01-12,Night,8
296,21,2025-01-12,Night,8
297,22,2025-01-12,,10
298,23,2025-01-12,,6
299,24,2025-01-12,,8
300,25,2025-01-12,Night,8
301,1,2025-01-13,Morning,10
302,2,2025-01-13,Afternoon,8
303,3,2025-01-13,,8
304,4,2025-01-13,Morning,6
305,5,2025-01-13,,8
306,6,2025-01-13,Morning,10
307,7,2025-01-13,,6
308,8,2025-01-13,,6
309,9,2025-01-13,Night,8
310,10,2025-01-13,Morning,6
311,11,2025-01-13,,8
312,12,2025-01-13,,10
313,13,2025-01-13,Afternoon,6
314,14,2025-01-13,Night,8
315,15,2025-01-13,,6
316,16,2025-01-13,,6
317,17,2025-01-13,Afternoon,10
318,18,2025-01-13,,10
319,19,2025-01-13,Night,6
320,20,2025-01-13,Afternoon,10
321,21,2025-01-13,Afternoon,6
322,22,2025-01-13,Night,10
323,23,2025-01-13,,6
324,24,2025-01-13,Night,8
325,25,2025-01-13,,8
326,1,2025-01-14,Afternoon,8
327,2,2025-01-14,,6
328,3,2025-01-14,Afternoon,6
329,4,2025-01-14,Night,10
330,5,2025-01-14,Morning,6
331,6,2025-01-14,,8
332,7,2025-01-14,Morning,10
333,8,2025-01-14,Night,6
334,9,2025-01-14,Morning,8
335,10,2025-01-14,Afternoon,8
336,11,2025-01-14,Afternoon,6
337,12,2025-01-14,,10
338,13,2025-01-14,,6
339,14,2025-01-14,,8
340,15,2025-01-14,,6
341,16,2025-01-14,Night,8
342,17,2025-01-14,Night,8
343,18,2025-01-14,,10
344,19,2025-01-14,,6
345,20,2025-01-14,Afternoon,8
346,21,2025-01-14,Afternoon,6
347,22,2025-01-14,Morning,8
348,23,2025-01-14,Afternoon,8
349,24,2025-01-14,Afternoon,8
350,25,2025-01-14,Afternoon,10
351,1,2025-01-15,Morning,8
352,2,2025-01-15,Afternoon,10
353,3,2025-01-15,Afternoon,10
354,4,2025-01-15,Morning,10
355,5,2025-01-15,Afternoon,8
356,6,2025-01-15,Morning,8
357,7,2025-01-15,Night,10
358,8,2025-01-15,Afternoon,8
359,9,2025-01-15,Morning,6
360,10,2025-01-15,Night,6
361,11,2025-01-15,,10
362,12,2025-01-15,Afternoon,10
363,13,2025-01-15,Morning,6
364,14,2025-01-15,,6
365,15,2025-01-15,Afternoon,10
366,16,2025-01-15,Afternoon,8
367,17,2025-01-15,,6
368,18,2025-01-15,Afternoon,6
369,19,2025-01-15,Morning,10
370,20,2025-01-15,Morning,8
371,21,2025-01-15,,10
372,22,2025-01-15,Morning,8
373,23,2025-01-15,Night,10
374,24,2025-01-15,,10
375,25,2025-01-15,Night,10
376,1,2025-01-16,,8
377,2,2025-01-16,,10
378,3,2025-01-16,Morning,8
379,4,2025-01-16,Afternoon,6
380,5,2025-01-16,Morning,8
381,6,2025-01-16,Morning,6
382,7,2025-01-16,Night,10
383,8,2025-01-16,,8
384,9,2025-01-16,,8
385,10,2025-01-16,Morning,10
386,11,2025-01-16,Morning,6
387,12,2025-01-16,,6
388,13,2025-01-16,,6
389,14,2025-01-16,Night,8
390,15,2025-01-16,Afternoon,6
391,16,2025-01-16,,6
392,17,2025-01-16,Morning,6
393,18,2025-01-16,,8
394,19,2025-01-16,Night,8
395,20,2025-01-16,Afternoon,10
396,21,2025-01-16,,6
397,22,2025-01-16,,10
398,23,2025-01-16,Night,10
399,24,2025-01-16,,6
400,25,2025-01-16,,10
401,1,2025-01-17,Morning,6
402,2,2025-01-17,Afternoon,10
403,3,2025-01-17,Morning,8
404,4,2025-01-17,Afternoon,10
405,5,2025-01-17,Morning,6
406,6,2025-01-17,Afternoon,10
407,7,2025-01-17,Morning,8
408,8,2025-01-17,Morning,8
409,9,2025-01-17,,8
410,10,2025-01-17,Afternoon,10
411,11,2025-01-17,Afternoon,6
412,12,2025-01-17,,6
413,13,2025-01-17,Afternoon,8
414,14,2025-01-17,Morning,6
415,15,2025-01-17,Morning,8
416,16,2025-01-17,Night,8
417,17,2025-01-17,Morning,6
418,18,2025-01-17,Night,10
419,19,2025-01-17,Morning,6
420,20,2025-01-17,,10
421,21,2025-01-17,Afternoon,10
422,22,2025-01-17,Night,10
423,23,2025-01-17,Night,8
424,24,2025-01-17,Night,10
425,25,2025-01-17,Afternoon,8
426,1,2025-01-18,,6
427,2,2025-01-18,Morning,6
428,3,2025-01-18,,8
429,4,2025-01-18,Afternoon,10
430,5,2025-01-18,Afternoon,6
431,6,2025-01-18,Night,8
432,7,2025-01-18,Morning,8
433,8,2025-01-18,Night,6
434,9,2025-01-18,Afternoon,8
435,10,2025-01-18,Morning,10
436,11,2025-01-18,Night,8
437,12,2025-01-18,,6
438,13,2025-01-18,Morning,10
439,14,2025-01-18,Afternoon,10
440,15,2025-01-18,Afternoon,8
441,16,2025-01-18,Morning,6
442,17,2025-01-18,,6
443,18,2025-01-18,Night,8
444,19,2025-01-18,Night,6
445,20,2025-01-18,Afternoon,10
446,21,2025-01-18,Night,8
447,22,2025-01-18,Afternoon,6
448,23,2025-01-18,Night,8
449,24,2025-01-18,Afternoon,6
450,25,2025-01-18,Afternoon,6
451,1,2025-01-19,,10
452,2,2025-01-19,,10
453,3,2025-01-19,Night,10
454,4,2025-01-19,Morning,10
455,5,2025-01-19,,10
456,6,2025-01-19,Night,8
457,7,2025-01-19,,6
458,8,2025-01-19,Night,10
459,9,2025-01-19,Morning,10
460,10,2025-01-19,Afternoon,10
461,11,2025-01-19,Morning,8
462,12,2025-01-19,,10
463,13,2025-01-19,Afternoon,8
464,14,2025-01-19,Morning,8
465,15,2025-01-19,,10
466,16,2025-01-19,Morning,6
467,17,2025-01-19,Afternoon,6
468,18,2025-01-19,,6
469,19,2025-01-19,,8
470,20,2025-01-19,Morning,8
471,21,2025-01-19,Afternoon,6
472,22,2025-01-19,,10
473,23,2025-01-19,Afternoon,10
474,24,2025-01-19,Night,6
475,25,2025-01-19,Afternoon,8
476,1,2025-01-20,Afternoon,10
477,2,2025-01-20,Afternoon,10
478,3,2025-01-20,Afternoon,10
479,4,2025-01-20,Night,6
480,5,2025-01-20,Afternoon,6
481,6,2025-01-20,,10
482,7,2025-01-20,Afternoon,6
483,8,2025-01-20,Afternoon,8
484,9,2025-01-20,Night,8
485,10,2025-01-20,Morning,6
486,11,2025-01-20,Morning,10
487,12,2025-01-20,Night,8
488,13,2025-01-20,Night,6
489,14,2025-01-20,Night,10
490,15,2025-01-20,Night,6
491,16,2025-01-20,Morning,6
492,17,2025-01-20,Night,6
493,18,2025-01-20,Night,6
494,19,2025-01-20,Night,8
495,20,2025-01-20,,8
496,21,2025-01-20,Morning,6
497,22,2025-01-20,,10
498,23,2025-01-20,Morning,8
499,24,2025-01-20,,8
500,25,2025-01-20,Morning,10
501,1,2025-01-21,Night,6
502,2,2025-01-21,Night,8
503,3,2025-01-21,Night,6
504,4,2025-01-21,Morning,6
505,5,2025-01-21,,6
506,6,2025-01-21,Night,8
507,7,2025-01-21,Afternoon,8
508,8,2025-01-21,Night,6
509,9,2025-01-21,Morning,10
510,10,2025-01-21,Afternoon,8
511,11,2025-01-21,Morning,10
512,12,2025-01-21,Morning,6
513,13,2025-01-21,Afternoon,8
514,14,2025-01-21,,8
515,15,2025-01-21,Night,6
516,16,2025-01-21,Afternoon,6
517,17,2025-01-21,Afternoon,6
518,18,2025-01-21,,8
519,19,2025-01-21,,8
520,20,2025-01-21,,10
521,21,2025-01-21,Afternoon,6
522,22,2025-01-21,Night,6
523,23,2025-01-21,Afternoon,10
524,24,2025-01-21,,6
525,25,2025-01-21,Night,6
526,1,2025-01-22,Morning,10
527,2,2025-01-22,Afternoon,10
528,3,2025-01-22,Morning,10
529,4,2025-01-22,Afternoon,8
530,5,2025-01-22,Afternoon,8
531,6,2025-01-22,Afternoon,8
532,7,2025-01-22,Morning,8
533,8,2025-01-22,,10
534,9,2025-01-22,Afternoon,10
535,10,2025-01-22,Afternoon,8
536,11,2025-01-22,,6
537,12,2025-01-22,Afternoon,8
538,13,2025-01-22,Afternoon,6
539,14,2025-01-22,Night,6
540,15,2025-01-22,,8
541,16,2025-01-22,Morning,10
542,17,2025-01-22,,8
543,18,2025-01-22,Night,10
544,19,2025-01-22,Morning,10
545,20,2025-01-22,,8
546,21,2025-01-22,Night,6
547,22,2025-01-22,Night,6
548,23,2025-01-22,Afternoon,8
549,24,2025-01-22,Afternoon,10
550,25,2025-01-22,Night,8
551,1,2025-01-23,Morning,8
552,2,2025-01-23,Night,6
553,3,2025-01-23,Night,6
554,4,2025-01-23,Night,6
555,5,2025-01-23,Night,10
556,6,2025-01-23,Night,8
557,7,2025-01-23,Morning,6
558,8,2025-01-23,,10
559,9,2025-01-23,,8
560,10,2025-01-23,Night,6
561,11,2025-01-23,Night,10
562,12,2025-01-23,Morning,8
563,13,2025-01-23,,8
564,14,2025-01-23,Morning,8
565,15,2025-01-23,,6
566,16,2025-01-23,Afternoon,6
567,17,2025-01-23,Morning,10
568,18,2025-01-23,Night,8
569,19,2025-01-23,Afternoon,10
570,20,2025-01-23,,6
571,21,2025-01-23,Night,8
572,22,2025-01-23,,10
573,23,2025-01-23,,10
574,24,2025-01-23,,8
575,25,2025-01-23,,10
576,1,2025-01-24,Night,8
577,2,2025-01-24,Morning,8
578,3,2025-01-24,Morning,8
579,4,2025-01-24,Morning,8
580,5,2025-01-24,Morning,6
581,6,2025-01-24,Night,10
582,7,2025-01-24,,6
583,8,2025-01-24,Morning,6
584,9,2025-01-24,Afternoon,10
585,10,2025-01-24,Night,10
586,11,2025-01-24,,6
587,12,2025-01-24,Night,8
588,13,2025-01-24,,8
589,14,2025-01-24,,8
590,15,2025-01-24,Night,6
591,16,2025-01-24,Night,6
592,17,2025-01-24,,6
593,18,2025-01-24,Morning,8
594,19,2025-01-24,,10
595,20,2025-01-24,Night,8
596,21,2025-01-24,Afternoon,6
597,22,2025-01-24,Night,10
598,23,2025-01-24,Afternoon,8
599,24,2025-01-24,,10
600,25,2025-01-24,Night,6
601,1,2025-01-25,Night,8
602,2,2025-01-25,Morning,10
603,3,2025-01-25,Night,8
604,4,2025-01-25,,10
605,5,2025-01-25,Afternoon,8
606,6,2025-01-25,Night,8
607,7,2025-01-25,Morning,6
608,8,2025-01-25,Night,6
609,9,2025-01-25,,6
610,10,2025-01-25,,10
611,11,2025-01-25,Afternoon,8
612,12,2025-01-25,,6
613,13,2025-01-25,Night,6
614,14,2025-01-25,Afternoon,8
615,15,2025-01-25,Morning,10
616,16,2025-01-25,Afternoon,10
617,17,2025-01-25,Night,10
618,18,2025-01-25,,8
619,19,2025-01-25,Afternoon,8
620,20,2025-01-25,Night,10
621,21,2025-01-25,Morning,10
622,22,2025-01-25,,6
623,23,2025-01-25,Night,10
624,24,2025-01-25,Afternoon,10
625,25,2025-01-25,,10
626,1,2025-01-26,Morning,10
627,2,2025-01-26,,6
628,3,2025-01-26,Night,10
629,4,2025-01-26,Night,6
630,5,2025-01-26,Morning,10
631,6,2025-01-26,Morning,6
632,7,2025-01-26,Morning,6
633,8,2025-01-26,,10
634,9,2025-01-26,,10
635,10,2025-01-26,Night,6
636,11,2025-01-26,Afternoon,6
637,12,2025-01-26,Night,10
638,13,2025-01-26,Night,6
639,14,2025-01-26,,8
640,15,2025-01-26,Night,10
641,16,2025-01-26,,8
642,17,2025-01-26,Morning,6
643,18,2025-01-26,,8
644,19,2025-01-26,,6
645,20,2025-01-26,Morning,6
646,21,2025-01-26,,6
647,22,2025-01-26,Night,8
648,23,2025-01-26,Night,6
649,24,2025-01-26,Night,8
650,25,2025-01-26,,10
651,1,2025-01-27,Afternoon,6
652,2,2025-01-27,Morning,10
653,3,2025-01-27,Morning,10
654,4,2025-01-27,Afternoon,6
655,5,2025-01-27,Afternoon,8
656,6,2025-01-27,,10
657,7,2025-01-27,,6
658,8,2025-01-27,,10
659,9,2025-01-27,Morning,8
660,10,2025-01-27,Afternoon,6
661,11,2025-01-27,,8
662,12,2025-01-27,Night,8
663,13,2025-01-27,,8
664,14,2025-01-27,,6
665,15,2025-01-27,,6
666,16,2025-01-27,,6
667,17,2025-01-27,,8
668,18,2025-01-27,Night,10
669,19,2025-01-27,Morning,10
670,20,2025-01-27,,8
671,21,2025-01-27,Night,8
672,22,2025-01-27,Night,10
673,23,2025-01-27,Night,10
674,24,2025-01-27,Night,10
675,25,2025-01-27,Afternoon,8
676,1,2025-01-28,Night,6
677,2,2025-01-28,Night,6
678,3,2025-01-28,,10
679,4,2025-01-28,,8
680,5,2025-01-28,Morning,6
681,6,2025-01-28,,8
682,7,2025-01-28,,8
683,8,2025-01-28,,8
684,9,2025-01-28,Morning,8
685,10,2025-01-28,Afternoon,6
686,11,2025-01-28,,8
687,12,2025-01-28,,8
688,13,2025-01-28,Morning,8
689,14,2025-01-28,,8
690,15,2025-01-28,Afternoon,8
691,16,2025-01-28,Morning,6
692,17,2025-01-28,Night,8
693,18,2025-01-28,Afternoon,10
694,19,2025-01-28,Afternoon,6
695,20,2025-01-28,Morning,6
696,21,2025-01-28,Morning,10
697,22,2025-01-28,Night,10
698,23,2025-01-28,Morning,8
699,24,2025-01-28,Night,8
700,25,2025-01-28,Night,10
701,1,2025-01-29,Afternoon,6
702,2,2025-01-29,Night,10
703,3,2025-01-29,Night,8
704,4,2025-01-29,Afternoon,10
705,5,2025-01-29,Night,10
706,6,2025-01-29,,8
707,7,2025-01-29,Afternoon,8
708,8,2025-01-29,Afternoon,6
709,9,2025-01-29,Afternoon,8
710,10,2025-01-29,,6
711,11,2025-01-29,Morning,6
712,12,2025-01-29,Night,8
713,13,2025-01-29,Morning,10
714,14,2025-01-29,Morning,6
715,15,2025-01-29,Morning,10
716,16,2025-01-29,Afternoon,8
717,17,2025-01-29,Night,8
718,18,2025-01-29,Morning,6
719,19,2025-01-29,,8
720,20,2025-01-29,Morning,6
721,21,2025-01-29,Morning,10
722,22,2025-01-29,Night,10
723,23,2025-01-29,Afternoon,10
724,24,2025-01-29,,8
725,25,2025-01-29,,8
726,1,2025-01-30,Morning,8
727,2,2025-01-30,Night,8
728,3,2025-01-30,,8
729,4,2025-01-30,Morning,10
730,5,2025-01-30,,10
731,6,2025-01-30,,10
732,7,2025-01-30,Morning,8
733,8,2025-01-30,,10
734,9,2025-01-30,,8
735,10,2025-01-30,,10
736,11,2025-01-30,Afternoon,10
737,12,2025-01-30,Morning,10
738,13,2025-01-30,Night,10
739,14,2025-01-30,Afternoon,8
740,15,2025-01-30,,8
741,16,2025-01-30,Night,6
742,17,2025-01-30,Morning,8
743,18,2025-01-30,Afternoon,10
744,19,2025-01-30,Afternoon,10
745,20,2025-01-30,Afternoon,6
746,21,2025-01-30,Afternoon,10
747,22,2025-01-30,Afternoon,8
748,23,2025-01-30,,8
749,24,2025-01-30,Morning,8
750,25,2025-01-30,Night,8
751,1,2025-01-31,Afternoon,10
752,2,2025-01-31,,6
753,3,2025-01-31,Afternoon,6
754,4,2025-01-31,Night,6
755,5,2025-01-31,Night,6
756,6,2025-01-31,Afternoon,6
757,7,2025-01-31,,8
758,8,2025-01-31,Morning,8
759,9,2025-01-31,,8
760,10,2025-01-31,,6
761,11,2025-01-31,Afternoon,10
762,12,2025-01-31,Morning,8
763,13,2025-01-31,,10
764,14,2025-01-31,Night,6
765,15,2025-01-31,Night,8
766,16,2025-01-31,Night,8
767,17,2025-01-31,Afternoon,6
768,18,2025-01-31,Afternoon,8
769,19,2025-01-31,Night,8
770,20,2025-01-31,Morning,6
771,21,2025-01-31,Afternoon,10
772,22,2025-01-31,Afternoon,10
773,23,2025-01-31,,10
774,24,2025-01-31,Afternoon,8
775,25,2025-01-31,Morning,10
776,1,2025-02-01,,8
777,2,2025-02-01,Night,8
778,3,2025-02-01,,8
779,4,2025-02-01,Morning,6
780,5,2025-02-01,Morning,6
781,6,2025-02-01,Night,6
782,7,2025-02-01,Afternoon,6
783,8,2025-02-01,Afternoon,8
784,9,2025-02-01,Night,6
785,10,2025-02-01,Night,8
786,11,2025-02-01,Night,10
787,12,2025-02-01,Morning,8
788,13,2025-02-01,Afternoon,10
789,14,2025-02-01,Night,10
790,15,2025-02-01,Afternoon,10
791,16,2025-02-01,Morning,8
792,17,2025-02-01,Night,8
793,18,2025-02-01,Morning,10
794,19,2025-02-01,Night,10
795,20,2025-02-01,Morning,6
796,21,2025-02-01,,8
797,22,2025-02-01,Night,10
798,23,2025-02-01,Morning,8
799,24,2025-02-01,,8
800,25,2025-02-01,Afternoon,6
801,1,2025-02-02,Afternoon,6
802,2,2025-02-02,Afternoon,8
803,3,2025-02-02,Morning,10
804,4,2025-02-02,Morning,10
805,5,2025-02-02,Morning,6
806,6,2025-02-02,Morning,8
807,7,2025-02-02,,6
808,8,2025-02-02,Night,6
809,9,2025-02-02,Afternoon,8
810,10,2025-02-02,Afternoon,6
811,11,2025-02-02,Night,10
812,12,2025-02-02,,10
813,13,2025-02-02,Afternoon,6
814,14,2025-02-02,Morning,6
815,15,2025-02-02,Morning,10
816,16,2025-02-02,Night,6
817,17,2025-02-02,,6
818,18,2025-02-02,Night,6
819,19,2025-02-02,Morning,8
820,20,2025-02-02,,6
821,21,2025-02-02,Afternoon,6
822,22,2025-02-02,Morning,8
823,23,2025-02-02,Night,8
824,24,2025-02-02,Afternoon,6
825,25,2025-02-02,Morning,8
826,1,2025-02-03,Afternoon,6
827,2,2025-02-03,Afternoon,6
828,3,2025-02-03,Night,8
829,4,2025-02-03,Morning,8
830,5,2025-02-03,,10
831,6,2025-02-03,Morning,10
832,7,2025-02-03,Morning,6
833,8,2025-02-03,,8
834,9,2025-02-03,Night,10
835,10,2025-02-03,Night,8
836,11,2025-02-03,,8
837,12,2025-02-03,,6
838,13,2025-02-03,Night,8
839,14,2025-02-03,Night,6
840,15,2025-02-03,Afternoon,10
841,16,2025-02-03,Morning,6
842,17,2025-02-03,,10
843,18,2025-02-03,Night,8
844,19,2025-02-03,Afternoon,6
845,20,2025-02-03,,8
846,21,2025-02-03,Morning,10
847,22,2025-02-03,Morning,6
848,23,2025-02-03,,6
849,24,2025-02-03,,10
850,25,2025-02-03,,10
851,1,2025-02-04,Morning,6
852,2,2025-02-04,Morning,10
853,3,2025-02-04,Afternoon,6
854,4,2025-02-04,Night,6
855,5,2025-02-04,Morning,8
856,6,2025-02-04,Afternoon,8
857,7,2025-02-04,Afternoon,6
858,8,2025-02-04,Morning,10
859,9,2025-02-04,,8
860,10,2025-02-04,,6
861,11,2025-02-04,,10
862,12,2025-02-04,,6
863,13,2025-02-04,Morning,10
864,14,2025-02-04,Afternoon,10
865,15,2025-02-04,Night,8
866,16,2025-02-04,Morning,10
867,17,2025-02-04,Morning,6
868,18,2025-02-04,Night,10
869,19,2025-02-04,Afternoon,6
870,20,2025-02-04,Night,8
871,21,2025-02-04,Afternoon,6
872,22,2025-02-04,,6
873,23,2025-02-04,Afternoon,6
874,24,2025-02-04,Afternoon,6
875,25,2025-02-04,Morning,10
876,1,2025-02-05,,8
877,2,2025-02-05,Night,10
878,3,2025-02-05,,10
879,4,2025-02-05,Afternoon,8
880,5,2025-02-05,Afternoon,10
881,6,2025-02-05,,6
882,7,2025-02-05,Afternoon,10
883,8,2025-02-05,Night,6
884,9,2025-02-05,Night,8
885,10,2025-02-05,Afternoon,10
886,11,2025-02-05,Morning,8
887,12,2025-02-05,Morning,10
888,13,2025-02-05,Afternoon,10
889,14,2025-02-05,,6
890,15,2025-02-05,,6
891,16,2025-02-05,Night,10
892,17,2025-02-05,Morning,6
893,18,2025-02-05,Afternoon,8
894,19,2025-02-05,Morning,8
895,20,2025-02-05,Night,8
896,21,2025-02-05,,8
897,22,2025-02-05,,8
898,23,2025-02-05,Night,6
899,24,2025-02-05,Morning,8
900,25,2025-02-05,Morning,10
901,1,2025-02-06,Night,8
902,2,2025-02-06,,10
903,3,2025-02-06,Night,6
904,4,2025-02-06,Morning,6
905,5,2025-02-06,,8
906,6,2025-02-06,Night,8
907,7,2025-02-06,Afternoon,6
908,8,2025-02-06,,10
909,9,2025-02-06,,10
910,10,2025-02-06,,8
911,11,2025-02-06,,10
912,12,2025-02-06,Afternoon,6
913,13,2025-02-06,Afternoon,8
914,14,2025-02-06,Morning,8
915,15,2025-02-06,Afternoon,6
916,16,2025-02-06,Morning,6
917,17,2025-02-06,Morning,10
918,18,2025-02-06,Afternoon,10
919,19,2025-02-06,,6
920,20,2025-02-06,Night,8
921,21,2025-02-06,Night,10
922,22,2025-02-06,,6
923,23,2025-02-06,Morning,6
924,24,2025-02-06,Morning,6
925,25,2025-02-06,Night,6
926,1,2025-02-07,Night,10
927,2,2025-02-07,Night,10
928,3,2025-02-07,Afternoon,10
929,4,2025-02-07,Afternoon,10
930,5,2025-02-07,Night,8
931,6,2025-02-07,Morning,10
932,7,2025-02-07,Morning,8
933,8,2025-02-07,,10
934,9,2025-02-07,Morning,8
935,10,2025-02-07,Afternoon,8
936,11,2025-02-07,,6
937,12,2025-02-07,Afternoon,10
938,13,2025-02-07,Night,6
939,14,2025-02-07,,8
940,15,2025-02-07,Afternoon,10
941,16,2025-02-07,Morning,10
942,17,2025-02-07,Night,10
943,18,2025-02-07,Afternoon,6
944,19,2025-02-07,,8
945,20,2025-02-07,Morning,10
946,21,2025-02-07,Night,10
947,22,2025-02-07,,10
948,23,2025-02-07,,8
949,24,2025-02-07,,10
950,25,2025-02-07,Afternoon,10
951,1,2025-02-08,Afternoon,8
952,2,2025-02-08,Afternoon,6
953,3,2025-02-08,Afternoon,10
954,4,2025-02-08,Morning,6
955,5,2025-02-08,Afternoon,6
956,6,2025-02-08,Afternoon,8
957,7,2025-02-08,Afternoon,6
958,8,2025-02-08,,10
959,9,2025-02-08,Night,8
960,10,2025-02-08,Night,10
961,11,2025-02-08,,8
962,12,2025-02-08,,10
963,13,2025-02-08,,10
964,14,2025-02-08,Morning,10
965,15,2025-02-08,,8
966,16,2025-02-08,Night,10
967,17,2025-02-08,Afternoon,8
968,18,2025-02-08,Night,10
969,19,2025-02-08,Night,10
970,20,2025-02-08,Night,10
971,21,2025-02-08,,8
972,22,2025-02-08,Afternoon,6
973,23,2025-02-08,Afternoon,8
974,24,2025-02-08,Afternoon,6
975,25,2025-02-08,,8
976,1,2025-02-09,Night,10
977,2,2025-02-09,Night,10
978,3,2025-02-09,Afternoon,10
979,4,2025-02-09,,8
980,5,2025-02-09,,8
981,6,2025-02-09,Morning,10
982,7,2025-02-09,Morning,10
983,8,2025-02-09,Night,10
984,9,2025-02-09,,10
985,10,2025-02-09,Afternoon,8
986,11,2025-02-09,,8
987,12,2025-02-09,Morning,10
988,13,2025-02-09,Morning,10
989,14,2025-02-09,,8
990,15,2025-02-09,Night,8
991,16,2025-02-09,Afternoon,8
992,17,2025-02-09,,8
993,18,2025-02-09,Night,6
994,19,2025-02-09,Night,10
995,20,2025-02-09,,8
996,21,2025-02-09,Morning,10
997,22,2025-02-09,,8
998,23,2025-02-09,,6
999,24,2025-02-09,Morning,6
1000,25,2025-02-09,Afternoon,8
1001,1,2025-02-10,Afternoon,6
1002,2,2025-02-10,Morning,8
1003,3,2025-02-10,Afternoon,6
1004,4,2025-02-10,Morning,10
1005,5,2025-02-10,Night,10
1006,6,2025-02-10,,10
1007,7,2025-02-10,Afternoon,6
1008,8,2025-02-10,Night,6
1009,9,2025-02-10,Afternoon,10
1010,10,2025-02-10,Night,10
1011,11,2025-02-10,Afternoon,8
1012,12,2025-02-10,Afternoon,8
1013,13,2025-02-10,,8
1014,14,2025-02-10,Morning,10
1015,15,2025-02-10,Night,8
1016,16,2025-02-10,Morning,6
1017,17,2025-02-10,Morning,8
1018,18,2025-02-10,Morning,6
1019,19,2025-02-10,Afternoon,8
1020,20,2025-02-10,Morning,6
1021,21,2025-02-10,Night,6
1022,22,2025-02-10,,10
1023,23,2025-02-10,Afternoon,8
1024,24,2025-02-10,,8
1025,25,2025-02-10,,6
1026,1,2025-02-11,Night,8
1027,2,2025-02-11,Night,8
1028,3,2025-02-11,,6
1029,4,2025-02-11,Night,6
1030,5,2025-02-11,Afternoon,8
1031,6,2025-02-11,Morning,10
1032,7,2025-02-11,,8
1033,8,2025-02-11,Night,10
1034,9,2025-02-11,,10
1035,10,2025-02-11,Afternoon,8
1036,11,2025-02-11,Afternoon,6
1037,12,2025-02-11,Night,10
1038,13,2025-02-11,Afternoon,8
1039,14,2025-02-11,Night,10
1040,15,2025-02-11,Morning,6
1041,16,2025-02-11,Afternoon,10
1042,17,2025-02-11,Night,8
1043,18,2025-02-11,,10
1044,19,2025-02-11,Afternoon,10
1045,20,2025-02-11,Night,10
1046,21,2025-02-11,Morning,6
1047,22,2025-02-11,Morning,8
1048,23,2025-02-11,Night,10
1049,24,2025-02-11,Afternoon,10
1050,25,2025-02-11,Afternoon,6
1051,1,2025-02-12,,8
1052,2,2025-02-12,Night,8
1053,3,2025-02-12,Afternoon,6
1054,4,2025-02-12,Afternoon,8
1055,5,2025-02-12,Afternoon,8
1056,6,2025-02-12,Night,6
1057,7,2025-02-12,Night,8
1058,8,2025-02-12,,10
1059,9,2025-02-12,Night,8
1060,10,2025-02-12,,6
1061,11,2025-02-12,,10
1062,12,2025-02-12,Morning,8
1063,13,2025-02-12,Night,6
1064,14,2025-02-12,Morning,10
1065,15,2025-02-12,Morning,8
1066,16,2025-02-12,,8
1067,17,2025-02-12,Night,6
1068,18,2025-02-12,Afternoon,10
1069,19,2025-02-12,Night,8
1070,20,2025-02-12,Morning,8
1071,21,2025-02-12,Afternoon,8
1072,22,2025-02-12,Afternoon,10
1073,23,2025-02-12,Morning,8
1074,24,2025-02-12,Night,10
1075,25,2025-02-12,Afternoon,10
1076,1,2025-02-13,Afternoon,10
1077,2,2025-02-13,Night,10
1078,3,2025-02-13,,8
1079,4,2025-02-13,,8
1080,5,2025-02-13,,8
1081,6,2025-02-13,,8
1082,7,2025-02-13,Morning,8
1083,8,2025-02-13,Morning,8
1084,9,2025-02-13,Night,8
1085,10,2025-02-13,Night,10
1086,11,2025-02-13,Afternoon,10
1087,12,2025-02-13,Night,6
1088,13,2025-02-13,,10
1089,14,2025-02-13,,10
1090,15,2025-02-13,,6
1091,16,2025-02-13,Night,8
1092,17,2025-02-13,Afternoon,6
1093,18,2025-02-13,Morning,10
1094,19,2025-02-13,Night,10
1095,20,2025-02-13,Morning,8
1096,21,2025-02-13,,10
1097,22,2025-02-13,Afternoon,8
1098,23,2025-02-13,Morning,8
1099,24,2025-02-13,Afternoon,8
1100,25,2025-02-13,,8
1101,1,2025-02-14,Morning,6
1102,2,2025-02-14,Morning,6
1103,3,2025-02-14,Morning,8
1104,4,2025-02-14,Night,8
1105,5,2025-02-14,,6
1106,6,2025-02-14,Night,10
1107,7,2025-02-14,Night,6
1108,8,2025-02-14,Morning,10
1109,9,2025-02-14,Night,10
1110,10,2025-02-14,,6
1111,11,2025-02-14,Afternoon,8
1112,12,2025-02-14,Night,8
1113,13,2025-02-14,Night,8
1114,14,2025-02-14,Night,6
1115,15,2025-02-14,Afternoon,8
1116,16,2025-02-14,Night,10
1117,17,2025-02-14,,8
1118,18,2025-02-14,Morning,8
1119,19,2025-02-14,Night,10
1120,20,2025-02-14,Night,8
1121,21,2025-02-14,Afternoon,10
1122,22,2025-02-14,Night,6
1123,23,2025-02-14,Afternoon,6
1124,24,2025-02-14,Night,8
1125,25,2025-02-14,Night,10
1126,1,2025-02-15,Morning,10
1127,2,2025-02-15,Night,8
1128,3,2025-02-15,Night,8
1129,4,2025-02-15,Night,10
1130,5,2025-02-15,Morning,10
1131,6,2025-02-15,,8
1132,7,2025-02-15,Morning,6
1133,8,2025-02-15,Night,10
1134,9,2025-02-15,Morning,6
1135,10,2025-02-15,,6
1136,11,2025-02-15,Afternoon,6
1137,12,2025-02-15,Night,8
1138,13,2025-02-15,Morning,8
1139,14,2025-02-15,Morning,8
1140,15,2025-02-15,Morning,8
1141,16,2025-02-15,,10
1142,17,2025-02-15,,10
1143,18,2025-02-15,Morning,8
1144,19,2025-02-15,,10
1145,20,2025-02-15,,10
1146,21,2025-02-15,Afternoon,8
1147,22,2025-02-15,Morning,10
1148,23,2025-02-15,Night,10
1149,24,2025-02-15,Night,10
1150,25,2025-02-15,Night,6
1151,1,2025-02-16,Afternoon,8
1152,2,2025-02-16,Night,8
1153,3,2025-02-16,,6
1154,4,2025-02-16,Morning,8
1155,5,2025-02-16,Morning,6
1156,6,2025-02-16,,6
1157,7,2025-02-16,Morning,6
1158,8,2025-02-16,,8
1159,9,2025-02-16,Morning,10
1160,10,2025-02-16,Morning,6
1161,11,2025-02-16,,10
1162,12,2025-02-16,Morning,8
1163,13,2025-02-16,,10
1164,14,2025-02-16,Night,10
1165,15,2025-02-16,Morning,8
1166,16,2025-02-16,,10
1167,17,2025-02-16,Afternoon,10
1168,18,2025-02-16,Night,8
1169,19,2025-02-16,Morning,8
1170,20,2025-02-16,Afternoon,6
1171,21,2025-02-16,Night,10
1172,22,2025-02-16,Afternoon,10
1173,23,2025-02-16,,8
1174,24,2025-02-16,,10
1175,25,2025-02-16,Afternoon,8
1176,1,2025-02-17,Afternoon,8
1177,2,2025-02-17,,6
1178,3,2025-02-17,Night,10
1179,4,2025-02-17,Night,10
1180,5,2025-02-17,,6
1181,6,2025-02-17,,6
1182,7,2025-02-17,,6
1183,8,2025-02-17,Afternoon,10
1184,9,2025-02-17,Afternoon,8
1185,10,2025-02-17,Morning,6
1186,11,2025-02-17,Afternoon,8
1187,12,2025-02-17,Morning,6
1188,13,2025-02-17,Morning,6
1189,14,2025-02-17,Night,6
1190,15,2025-02-17,Morning,10
1191,16,2025-02-17,,8
1192,17,2025-02-17,Afternoon,8
1193,18,2025-02-17,Night,10
1194,19,2025-02-17,Afternoon,8
1195,20,2025-02-17,,10
1196,21,2025-02-17,Afternoon,8
1197,22,2025-02-17,,10
1198,23,2025-02-17,,8
1199,24,2025-02-17,Morning,10
1200,25,2025-02-17,Night,10
1201,1,2025-02-18,Morning,6
1202,2,2025-02-18,Morning,10
1203,3,2025-02-18,Morning,8
1204,4,2025-02-18,Afternoon,8
1205,5,2025-02-18,,8
1206,6,2025-02-18,Afternoon,8
1207,7,2025-02-18,Morning,10
1208,8,2025-02-18,Afternoon,8
1209,9,2025-02-18,Afternoon,10
1210,10,2025-02-18,,6
1211,11,2025-02-18,,10
1212,12,2025-02-18,Night,10
1213,13,2025-02-18,Morning,6
1214,14,2025-02-18,,8
1215,15,2025-02-18,Morning,6
1216,16,2025-02-18,Afternoon,10
1217,17,2025-02-18,Afternoon,6
1218,18,2025-02-18,Afternoon,6
1219,19,2025-02-18,Night,10
1220,20,2025-02-18,Afternoon,8
1221,21,2025-02-18,Afternoon,8
1222,22,2025-02-18,Morning,6
1223,23,2025-02-18,,10
1224,24,2025-02-18,Afternoon,8
1225,25,2025-02-18,Night,8
1226,1,2025-02-19,Night,8
1227,2,2025-02-19,Night,10
1228,3,2025-02-19,Night,8
1229,4,2025-02-19,Night,10
1230,5,2025-02-19,Afternoon,6
1231,6,2025-02-19,Night,10
1232,7,2025-02-19,Night,8
1233,8,2025-02-19,Night,6
1234,9,2025-02-19,Morning,10
1235,10,2025-02-19,Morning,10
1236,11,2025-02-19,Night,6
1237,12,2025-02-19,Afternoon,8
1238,13,2025-02-19,,6
1239,14,2025-02-19,Morning,10
1240,15,2025-02-19,Night,6
1241,16,2025-02-19,Morning,6
1242,17,2025-02-19,Morning,10
1243,18,2025-02-19,Afternoon,8
1244,19,2025-02-19,,10
1245,20,2025-02-19,Night,6
1246,21,2025-02-19,Night,8
1247,22,2025-02-19,Morning,8
1248,23,2025-02-19,,10
1249,24,2025-02-19,Afternoon,6
1250,25,2025-02-19,Morning,6
1251,1,2025-02-20,Night,10
1252,2,2025-02-20,Afternoon,6
1253,3,2025-02-20,Afternoon,8
1254,4,2025-02-20,Night,6
1255,5,2025-02-20,Morning,6
1256,6,2025-02-20,Afternoon,8
1257,7,2025-02-20,Afternoon,10
1258,8,2025-02-20,Afternoon,8
1259,9,2025-02-20,Morning,6
1260,10,2025-02-20,Morning,10
1261,11,2025-02-20,,8
1262,12,2025-02-20,Night,8
1263,13,2025-02-20,,6
1264,14,2025-02-20,Morning,8
1265,15,2025-02-20,,8
1266,16,2025-02-20,Morning,10
1267,17,2025-02-20,Afternoon,8
1268,18,2025-02-20,,6
1269,19,2025-02-20,Night,6
1270,20,2025-02-20,,8
1271,21,2025-02-20,,10
1272,22,2025-02-20,Morning,10
1273,23,2025-02-20,,6
1274,24,2025-02-20,Morning,8
1275,25,2025-02-20,Afternoon,6
1276,1,2025-02-21,Night,10
1277,2,2025-02-21,,10
1278,3,2025-02-21,Morning,10
1279,4,2025-02-21,Night,6
1280,5,2025-02-21,,10
1281,6,2025-02-21,Afternoon,6
1282,7,2025-02-21,Afternoon,10
1283,8,2025-02-21,Afternoon,8
1284,9,2025-02-21,Night,10
1285,10,2025-02-21,Night,8
1286,11,2025-02-21,Night,10
1287,12,2025-02-21,,8
1288,13,2025-02-21,Night,6
1289,14,2025-02-21,Morning,8
1290,15,2025-02-21,Morning,8
1291,16,2025-02-21,Afternoon,10
1292,17,2025-02-21,Morning,8
1293,18,2025-02-21,Night,10
1294,19,2025-02-21,Morning,10
1295,20,2025-02-21,,10
1296,21,2025-02-21,Morning,6
1297,22,2025-02-21,Night,6
1298,23,2025-02-21,Night,10
1299,24,2025-02-21,Morning,10
1300,25,2025-02-21,,10
1301,1,2025-02-22,Morning,6
1302,2,2025-02-22,Morning,10
1303,3,2025-02-22,Night,10
1304,4,2025-02-22,Morning,6
1305,5,2025-02-22,,10
1306,6,2025-02-22,Afternoon,10
1307,7,2025-02-22,,8
1308,8,2025-02-22,Morning,8
1309,9,2025-02-22,Night,6
1310,10,2025-02-22,Morning,8
1311,11,2025-02-22,Afternoon,6
1312,12,2025-02-22,Afternoon,10
1313,13,2025-02-22,,10
1314,14,2025-02-22,Afternoon,8
1315,15,2025-02-22,Afternoon,8
1316,16,2025-02-22,Morning,6
1317,17,2025-02-22,Afternoon,6
1318,18,2025-02-22,,10
1319,19,2025-02-22,Morning,10
1320,20,2025-02-22,,8
1321,21,2025-02-22,Night,10
1322,22,2025-02-22,Morning,6
1323,23,2025-02-22,Afternoon,6
1324,24,2025-02-22,Night,10
1325,25,2025-02-22,Afternoon,10
1326,1,2025-02-23,Night,6
1327,2,2025-02-23,Morning,6
1328,3,2025-02-23,,8
1329,4,2025-02-23,,6
1330,5,2025-02-23,Night,6
1331,6,2025-02-23,,8
1332,7,2025-02-23,Night,8
1333,8,2025-02-23,,10
1334,9,2025-02-23,Afternoon,10
1335,10,2025-02-23,Night,6
1336,11,2025-02-23,Morning,6
1337,12,2025-02-23,Morning,8
1338,13,2025-02-23,Morning,6
1339,14,2025-02-23,Afternoon,10
1340,15,2025-02-23,Afternoon,6
1341,16,2025-02-23,Morning,10
1342,17,2025-02-23,Night,8
1343,18,2025-02-23,,10
1344,19,2025-02-23,Morning,6
1345,20,2025-02-23,Night,10
1346,21,2025-02-23,,6
1347,22,2025-02-23,,8
1348,23,2025-02-23,Morning,8
1349,24,2025-02-23,Morning,6
1350,25,2025-02-23,Morning,8
1351,1,2025-02-24,,10
1352,2,2025-02-24,,6
1353,3,2025-02-24,Night,6
1354,4,2025-02-24,Afternoon,8
1355,5,2025-02-24,,6
1356,6,2025-02-24,Night,6
1357,7,2025-02-24,,8
1358,8,2025-02-24,Afternoon,10
1359,9,2025-02-24,Night,6
1360,10,2025-02-24,Afternoon,8
1361,11,2025-02-24,,10
1362,12,2025-02-24,Night,6
1363,13,2025-02-24,,8
1364,14,2025-02-24,,8
1365,15,2025-02-24,,6
1366,16,2025-02-24,Morning,8
1367,17,2025-02-24,Night,6
1368,18,2025-02-24,Night,8
1369,19,2025-02-24,,10
1370,20,2025-02-24,Afternoon,6
1371,21,2025-02-24,,6
1372,22,2025-02-24,Morning,6
1373,23,2025-02-24,Afternoon,6
1374,24,2025-02-24,Night,10
1375,25,2025-02-24,,10
1376,1,2025-02-25,,8
1377,2,2025-02-25,,8
1378,3,2025-02-25,Night,6
1379,4,2025-02-25,Morning,8
1380,5,2025-02-25,Night,10
1381,6,2025-02-25,Morning,10
1382,7,2025-02-25,Night,10
1383,8,2025-02-25,,10
1384,9,2025-02-25,Afternoon,6
1385,10,2025-02-25,Morning,8
1386,11,2025-02-25,,6
1387,12,2025-02-25,Night,8
1388,13,2025-02-25,Afternoon,8
1389,14,2025-02-25,Morning,8
1390,15,2025-02-25,Night,10
1391,16,2025-02-25,Night,8
1392,17,2025-02-25,,6
1393,18,2025-02-25,Morning,6
1394,19,2025-02-25,Morning,8
1395,20,2025-02-25,,8
1396,21,2025-02-25,Night,8
1397,22,2025-02-25,Night,8
1398,23,2025-02-25,Night,8
1399,24,2025-02-25,Night,8
1400,25,2025-02-25,Afternoon,10
1401,1,2025-02-26,,6
1402,2,2025-02-26,Afternoon,8
1403,3,2025-02-26,Afternoon,8
1404,4,2025-02-26,Night,8
1405,5,2025-02-26,Morning,6
1406,6,2025-02-26,Morning,10
1407,7,2025-02-26,Night,10
1408,8,2025-02-26,,10
1409,9,2025-02-26,Night,10
1410,10,2025-02-26,,6
1411,11,2025-02-26,,8
1412,12,2025-02-26,Afternoon,10
1413,13,2025-02-26,,6
1414,14,2025-02-26,Afternoon,10
1415,15,2025-02-26,Afternoon,8
1416,16,2025-02-26,,6
1417,17,2025-02-26,,8
1418,18,2025-02-26,,8
1419,19,2025-02-26,Night,8
1420,20,2025-02-26,Morning,10
1421,21,2025-02-26,Afternoon,10
1422,22,2025-02-26,,6
1423,23,2025-02-26,,6
1424,24,2025-02-26,,8
1425,25,2025-02-26,Afternoon,10
1426,1,2025-02-27,,6
1427,2,2025-02-27,Morning,6
1428,3,2025-02-27,,6
1429,4,2025-02-27,Night,6
1430,5,2025-02-27,Afternoon,10
1431,6,2025-02-27,,6
1432,7,2025-02-27,Afternoon,10
1433,8,2025-02-27,Morning,8
1434,9,2025-02-27,Afternoon,8
1435,10,2025-02-27,Afternoon,6
1436,11,2025-02-27,Afternoon,6
1437,12,2025-02-27,Afternoon,6
1438,13,2025-02-27,Afternoon,6
1439,14,2025-02-27,Afternoon,8
1440,15,2025-02-27,Night,8
1441,16,2025-02-27,Morning,8
1442,17,2025-02-27,Morning,8
1443,18,2025-02-27,Night,10
1444,19,2025-02-27,Afternoon,10
1445,20,2025-02-27,Morning,8
1446,21,2025-02-27,Night,10
1447,22,2025-02-27,Afternoon,6
1448,23,2025-02-27,Night,8
1449,24,2025-02-27,,8
1450,25,2025-02-27,Afternoon,10
1451,1,2025-02-28,Night,6
1452,2,2025-02-28,Afternoon,10
1453,3,2025-02-28,Night,6
1454,4,2025-02-28,,10
1455,5,2025-02-28,Morning,6
1456,6,2025-02-28,,8
1457,7,2025-02-28,Night,10
1458,8,2025-02-28,Night,8
1459,9,2025-02-28,,8
1460,10,2025-02-28,Afternoon,6
1461,11,2025-02-28,Morning,10
1462,12,2025-02-28,Morning,8
1463,13,2025-02-28,Afternoon,8
1464,14,2025-02-28,Night,8
1465,15,2025-02-28,Afternoon,10
1466,16,2025-02-28,Morning,8
1467,17,2025-02-28,Afternoon,8
1468,18,2025-02-28,,8
1469,19,2025-02-28,Afternoon,8
1470,20,2025-02-28,Night,6
1471,21,2025-02-28,,10
1472,22,2025-02-28,,10
1473,23,2025-02-28,,10
1474,24,2025-02-28,,6
1475,25,2025-02-28,Afternoon,6
